id,category,latitude,longitude,heading
0,gps,51.011466,3.708731,0.0
1,gps,51.011401,3.709055,0.0
2,gps,51.011335,3.709215,0.0
0,destination,51.011504,3.708728,0.0
0,camera,51.011453,3.708779,0.0
1,camera,51.011412,3.708822,0.0
2,camera,51.01134,3.708969,0.0
3,camera,51.011485,3.708916,0.0
4,camera,51.011394,3.709079,0.0
0,gps,51.011596209,3.7085790123333333,275.4434
1,gps,51.01159566216667,3.7085786796666667,275.4434
2,gps,51.01159566216667,3.7085786796666667,275.4434
3,gps,51.01159566216667,3.7085786796666667,276.6009
4,gps,51.011595504166664,3.708578333166667,276.6009
5,gps,51.011595504166664,3.708578333166667,276.6009
6,gps,51.011595504166664,3.708578333166667,279.1388
7,gps,51.01159512216667,3.708578406,279.1388
8,gps,51.01159512216667,3.708578406,279.1388
9,gps,51.01159512216667,3.708578406,275.6923
10,gps,51.01159585316667,3.708577731,275.6923
11,gps,51.01159585316667,3.708577731,275.6923
12,gps,51.01159585316667,3.708577731,272.4186
13,gps,51.01159649216667,3.7085766959999997,272.4186
14,gps,51.01159649216667,3.7085766959999997,272.4186
15,gps,51.01159649216667,3.7085766959999997,269.6628
16,gps,51.011597798333334,3.7085732061666667,269.6628
17,gps,51.011597798333334,3.7085732061666667,269.6628
18,gps,51.011597798333334,3.7085732061666667,269.4572
19,gps,51.01159915383333,3.7085694668333335,269.4572
20,gps,51.01159915383333,3.7085694668333335,269.4572
21,gps,51.01159915383333,3.7085694668333335,268.8371
22,gps,51.011599384,3.7085691153333333,268.8371
23,gps,51.011599384,3.7085691153333333,268.8371
24,gps,51.011599384,3.7085691153333333,268.309
25,gps,51.011599397,3.708568858,268.309
26,gps,51.011599397,3.708568858,268.309
27,gps,51.011599397,3.708568858,265.0126
28,gps,51.01159937316667,3.70856881,265.0126
29,gps,51.01159937316667,3.70856881,265.0126
30,gps,51.01159937316667,3.70856881,262.5681
31,gps,51.0115991615,3.708568103,262.5681
32,gps,51.0115991615,3.708568103,262.5681
33,gps,51.0115991615,3.708568103,262.4232
34,gps,51.011598733666666,3.7085677016666665,262.4232
35,gps,51.011598733666666,3.7085677016666665,262.4232
36,gps,51.011598733666666,3.7085677016666665,264.6589
37,gps,51.0115981685,3.7085676446666667,264.6589
38,gps,51.0115981685,3.7085676446666667,264.6589
39,gps,51.0115981685,3.7085676446666667,267.2866
40,gps,51.011597248,3.7085676961666665,267.2866
41,gps,51.011597248,3.7085676961666665,267.2866
42,gps,51.011597248,3.7085676961666665,265.7267
43,gps,51.011595751,3.7085672426666667,265.7267
44,gps,51.011595751,3.7085672426666667,265.7267
45,gps,51.011595751,3.7085672426666667,264.5956
46,gps,51.0115941525,3.7085671273333336,264.5956
47,gps,51.0115941525,3.7085671273333336,264.5956
48,gps,51.0115941525,3.7085671273333336,262.583
49,gps,51.011593795833335,3.7085682251666667,262.583
50,gps,51.011593795833335,3.7085682251666667,262.583
51,gps,51.011593795833335,3.7085682251666667,262.5355
52,gps,51.011594219833334,3.7085680461666666,262.5355
53,gps,51.011594219833334,3.7085680461666666,262.5355
54,gps,51.011594219833334,3.7085680461666666,263.9679
55,gps,51.01159398116667,3.7085687941666667,263.9679
56,gps,51.01159398116667,3.7085687941666667,263.9679
57,gps,51.01159398116667,3.7085687941666667,265.897
58,gps,51.01159287233333,3.708569853666667,265.897
59,gps,51.01159287233333,3.708569853666667,265.897
60,gps,51.01159287233333,3.708569853666667,269.881
61,gps,51.011590965,3.7085698875,269.881
62,gps,51.011590965,3.7085698875,269.881
63,gps,51.011590965,3.7085698875,274.2541
64,gps,51.01159009883333,3.7085699378333334,274.2541
65,gps,51.01159009883333,3.7085699378333334,274.2541
66,gps,51.01159009883333,3.7085699378333334,275.0173
67,gps,51.0115903395,3.708570083166667,275.0173
68,gps,51.0115903395,3.708570083166667,275.0173
69,gps,51.0115903395,3.708570083166667,272.8485
70,gps,51.01159032766667,3.7085698655,272.8485
71,gps,51.01159032766667,3.7085698655,272.8485
72,gps,51.01159032766667,3.7085698655,269.974
73,gps,51.011590686333335,3.7085697455,269.974
74,gps,51.011590686333335,3.7085697455,269.974
75,gps,51.011590686333335,3.7085697455,269.1331
76,gps,51.01159131666667,3.708569648666667,269.1331
77,gps,51.01159131666667,3.708569648666667,269.1331
78,gps,51.01159131666667,3.708569648666667,264.9596
79,gps,51.011591515166664,3.7085695283333333,264.9596
80,gps,51.011591515166664,3.7085695283333333,264.9596
81,gps,51.011591515166664,3.7085695283333333,264.0609
82,gps,51.0115915455,3.7085695203333335,264.0609
83,gps,51.0115915455,3.7085695203333335,264.0609
84,gps,51.0115915455,3.7085695203333335,263.8936
85,gps,51.011591759,3.708570197666667,263.8936
86,gps,51.011591759,3.708570197666667,263.8936
87,gps,51.011591759,3.708570197666667,264.6738
88,gps,51.01159170983333,3.7085705725,264.6738
89,gps,51.01159170983333,3.7085705725,264.6738
90,gps,51.01159170983333,3.7085705725,268.378
91,gps,51.01159156733333,3.708570663333333,268.378
92,gps,51.01159156733333,3.708570663333333,268.378
93,gps,51.01159156733333,3.708570663333333,269.9083
94,gps,51.01159211816667,3.7085704956666667,269.9083
95,gps,51.01159211816667,3.7085704956666667,269.9083
96,gps,51.01159211816667,3.7085704956666667,269.9987
97,gps,51.0115930265,3.7085705158333333,269.9987
98,gps,51.0115930265,3.7085705158333333,269.9987
99,gps,51.0115930265,3.7085705158333333,265.9223
100,gps,51.01159319833334,3.7085699296666665,265.9223
101,gps,51.01159319833334,3.7085699296666665,265.9223
102,gps,51.01159319833334,3.7085699296666665,265.8068
103,gps,51.01159366816667,3.7085691421666667,265.8068
104,gps,51.01159366816667,3.7085691421666667,265.8068
105,gps,51.01159366816667,3.7085691421666667,268.8631
106,gps,51.01159369916667,3.708568654,268.8631
107,gps,51.01159369916667,3.708568654,268.8631
108,gps,51.01159369916667,3.708568654,269.8153
109,gps,51.011593973,3.7085684150000002,269.8153
110,gps,51.011593973,3.7085684150000002,269.8153
111,gps,51.011593973,3.7085684150000002,269.2896
112,gps,51.01159382066667,3.7085688308333333,269.2896
113,gps,51.01159382066667,3.7085688308333333,269.2896
114,gps,51.01159382066667,3.7085688308333333,269.0163
115,gps,51.01159271383333,3.7085679716666666,269.0163
116,gps,51.01159271383333,3.7085679716666666,269.0163
117,gps,51.01159271383333,3.7085679716666666,0.0
118,gps,51.01158985166666,3.7085665616666668,0.0
119,gps,51.01158985166666,3.7085665616666668,0.0
120,gps,51.01158985166666,3.7085665616666668,0.0
121,gps,51.01158647,3.7085605981666667,0.0
122,gps,51.01158647,3.7085605981666667,0.0
123,gps,51.01158647,3.7085605981666667,300.7816
124,gps,51.011584087833334,3.7085529973333333,300.7816
125,gps,51.011584087833334,3.7085529973333333,300.7816
126,gps,51.011584087833334,3.7085529973333333,309.9977
127,gps,51.011580661,3.708544497166667,309.9977
128,gps,51.011580661,3.708544497166667,309.9977
129,gps,51.011580661,3.708544497166667,324.6057
130,gps,51.011579612,3.7085358018333334,324.6057
131,gps,51.011579612,3.7085358018333334,324.6057
132,gps,51.011579612,3.7085358018333334,333.5636
133,gps,51.0115781935,3.7085287183333335,333.5636
134,gps,51.0115781935,3.7085287183333335,333.5636
135,gps,51.0115781935,3.7085287183333335,328.696
136,gps,51.01157694366667,3.7085197798333334,328.696
137,gps,51.01157694366667,3.7085197798333334,328.696
138,gps,51.01157694366667,3.7085197798333334,336.9538
139,gps,51.01157665633333,3.708512315666667,336.9538
140,gps,51.01157665633333,3.708512315666667,336.9538
141,gps,51.01157665633333,3.708512315666667,329.9901
142,gps,51.01157486366667,3.7085024618333335,329.9901
143,gps,51.01157486366667,3.7085024618333335,329.9901
144,gps,51.01157486366667,3.7085024618333335,332.375
145,gps,51.01157335933333,3.7084948848333332,332.375
146,gps,51.01157335933333,3.7084948848333332,332.375
147,gps,51.01157335933333,3.7084948848333332,325.0515
148,gps,51.01157041933333,3.7084868648333336,325.0515
149,gps,51.01157041933333,3.7084868648333336,325.0515
150,gps,51.01157041933333,3.7084868648333336,328.053
151,gps,51.011568592,3.7084795075,328.053
152,gps,51.011568592,3.7084795075,328.053
153,gps,51.011568592,3.7084795075,328.9202
154,gps,51.011566398666666,3.7084723538333333,328.9202
155,gps,51.011566398666666,3.7084723538333333,328.9202
156,gps,51.011566398666666,3.7084723538333333,325.3634
157,gps,51.01156410483333,3.708464451333333,325.3634
158,gps,51.01156410483333,3.708464451333333,325.3634
159,gps,51.01156410483333,3.708464451333333,326.6859
160,gps,51.01156175483333,3.7084573911666667,326.6859
161,gps,51.01156175483333,3.7084573911666667,326.6859
162,gps,51.01156175483333,3.7084573911666667,314.0098
163,gps,51.01155835416667,3.7084504938333334,314.0098
164,gps,51.01155835416667,3.7084504938333334,314.0098
165,gps,51.01155835416667,3.7084504938333334,314.8445
166,gps,51.0115555035,3.7084439091666668,314.8445
167,gps,51.0115555035,3.7084439091666668,314.8445
168,gps,51.0115555035,3.7084439091666668,307.1753
169,gps,51.01155169883334,3.7084389525,307.1753
170,gps,51.01155169883334,3.7084389525,307.1753
171,gps,51.01155169883334,3.7084389525,299.9114
172,gps,51.0115480175,3.7084352345,299.9114
173,gps,51.0115480175,3.7084352345,299.9114
174,gps,51.0115480175,3.7084352345,287.7317
175,gps,51.01154367583333,3.7084341918333332,287.7317
176,gps,51.01154367583333,3.7084341918333332,287.7317
177,gps,51.01154367583333,3.7084341918333332,273.4776
178,gps,51.011538787666666,3.7084332431666667,273.4776
179,gps,51.011538787666666,3.7084332431666667,273.4776
180,gps,51.011538787666666,3.7084332431666667,271.3128
181,gps,51.011533755833334,3.708432951833333,271.3128
182,gps,51.011533755833334,3.708432951833333,271.3128
183,gps,51.011533755833334,3.708432951833333,265.2867
184,gps,51.011526927333335,3.708433588,265.2867
185,gps,51.011526927333335,3.708433588,265.2867
186,gps,51.011526927333335,3.708433588,271.0675
187,gps,51.01152132083333,3.7084328655,271.0675
188,gps,51.01152132083333,3.7084328655,271.0675
189,gps,51.01152132083333,3.7084328655,266.4389
190,gps,51.011514104166665,3.7084331836666666,266.4389
191,gps,51.011514104166665,3.7084331836666666,266.4389
192,gps,51.011514104166665,3.7084331836666666,266.5267
193,gps,51.011508041666666,3.7084322226666666,266.5267
194,gps,51.011508041666666,3.7084322226666666,266.5267
195,gps,51.011508041666666,3.7084322226666666,269.8346
196,gps,51.011503380166666,3.7084323461666666,269.8346
197,gps,51.011503380166666,3.7084323461666666,269.8346
198,gps,51.011503380166666,3.7084323461666666,266.8841
199,gps,51.011496257666664,3.7084321316666666,266.8841
200,gps,51.011496257666664,3.7084321316666666,266.8841
201,gps,51.011496257666664,3.7084321316666666,271.8116
202,gps,51.01149115616667,3.7084317706666665,271.8116
203,gps,51.01149115616667,3.7084317706666665,271.8116
204,gps,51.01149115616667,3.7084317706666665,261.4218
205,gps,51.01148500233333,3.708432084,261.4218
206,gps,51.01148500233333,3.708432084,261.4218
207,gps,51.01148500233333,3.708432084,266.9841
208,gps,51.01148071716667,3.7084308108333333,266.9841
209,gps,51.01148071716667,3.7084308108333333,266.9841
210,gps,51.01148071716667,3.7084308108333333,264.3846
211,gps,51.01147562933333,3.708430776,264.3846
212,gps,51.01147562933333,3.708430776,264.3846
213,gps,51.01147562933333,3.708430776,266.47
214,gps,51.011470027166666,3.7084299263333333,266.47
215,gps,51.011470027166666,3.7084299263333333,266.47
216,gps,51.011470027166666,3.7084299263333333,267.6219
217,gps,51.011464741,3.708429558833333,267.6219
218,gps,51.011464741,3.708429558833333,267.6219
219,gps,51.011464741,3.708429558833333,267.0344
220,gps,51.011459394166664,3.7084287985,267.0344
221,gps,51.011459394166664,3.7084287985,267.0344
222,gps,51.011459394166664,3.7084287985,273.8794
223,gps,51.01145477716667,3.7084281371666665,273.8794
224,gps,51.01145477716667,3.7084281371666665,273.8794
225,gps,51.01145477716667,3.7084281371666665,265.2298
226,gps,51.0114496945,3.7084280401666665,265.2298
227,gps,51.0114496945,3.7084280401666665,265.2298
228,gps,51.0114496945,3.7084280401666665,270.1811
229,gps,51.01144495683333,3.708426053,270.1811
230,gps,51.01144495683333,3.708426053,270.1811
231,gps,51.01144495683333,3.708426053,263.4652
232,gps,51.01143838666667,3.708425991,263.4652
233,gps,51.01143838666667,3.708425991,263.4652
234,gps,51.01143838666667,3.708425991,265.0038
235,gps,51.01143323283333,3.7084256643333333,265.0038
236,gps,51.01143323283333,3.7084256643333333,265.0038
237,gps,51.01143323283333,3.7084256643333333,267.8648
238,gps,51.01142787366667,3.7084259103333332,267.8648
239,gps,51.01142787366667,3.7084259103333332,267.8648
240,gps,51.01142787366667,3.7084259103333332,267.6918
241,gps,51.01142294616667,3.708426464,267.6918
242,gps,51.01142294616667,3.708426464,267.6918
243,gps,51.01142294616667,3.708426464,267.1629
244,gps,51.011418024,3.708426782,267.1629
245,gps,51.011418024,3.708426782,267.1629
246,gps,51.011418024,3.708426782,264.1672
247,gps,51.01141205816667,3.7084264791666666,264.1672
248,gps,51.01141205816667,3.7084264791666666,264.1672
249,gps,51.01141205816667,3.7084264791666666,268.9984
250,gps,51.01140711666667,3.7084270833333335,268.9984
251,gps,51.01140711666667,3.7084270833333335,268.9984
252,gps,51.01140711666667,3.7084270833333335,264.0921
253,gps,51.011401057,3.7084282753333335,264.0921
254,gps,51.011401057,3.7084282753333335,264.0921
255,gps,51.011401057,3.7084282753333335,268.74
256,gps,51.0113955615,3.7084281493333333,268.74
257,gps,51.0113955615,3.7084281493333333,268.74
258,gps,51.0113955615,3.7084281493333333,266.6372
259,gps,51.01139015133333,3.7084291955,266.6372
260,gps,51.01139015133333,3.7084291955,266.6372
261,gps,51.01139015133333,3.7084291955,264.926
262,gps,51.01138514466667,3.7084286153333332,264.926
263,gps,51.01138514466667,3.7084286153333332,264.926
264,gps,51.01138514466667,3.7084286153333332,267.2061
265,gps,51.0113804425,3.7084287978333332,267.2061
266,gps,51.0113804425,3.7084287978333332,267.2061
267,gps,51.0113804425,3.7084287978333332,265.6333
268,gps,51.011374941166665,3.70842867,265.6333
269,gps,51.011374941166665,3.70842867,265.6333
270,gps,51.011374941166665,3.70842867,269.4338
271,gps,51.01136957916667,3.7084277568333333,269.4338
272,gps,51.01136957916667,3.7084277568333333,269.4338
273,gps,51.01136957916667,3.7084277568333333,264.4997
274,gps,51.01136317066667,3.708429476,264.4997
275,gps,51.01136317066667,3.708429476,264.4997
276,gps,51.01136317066667,3.708429476,267.9887
277,gps,51.011358219,3.708429422,267.9887
278,gps,51.011358219,3.708429422,267.9887
279,gps,51.011358219,3.708429422,259.7207
280,gps,51.0113525025,3.7084305861666667,259.7207
281,gps,51.0113525025,3.7084305861666667,259.7207
282,gps,51.0113525025,3.7084305861666667,259.9405
283,gps,51.011347276,3.7084299334999997,259.9405
284,gps,51.011347276,3.7084299334999997,259.9405
285,gps,51.011347276,3.7084299334999997,263.4875
286,gps,51.01134237383334,3.7084297386666667,263.4875
287,gps,51.01134237383334,3.7084297386666667,263.4875
288,gps,51.01134237383334,3.7084297386666667,260.5582
289,gps,51.0113366905,3.7084296331666664,260.5582
290,gps,51.0113366905,3.7084296331666664,260.5582
291,gps,51.0113366905,3.7084296331666664,264.5118
292,gps,51.01133166766667,3.708430336,264.5118
293,gps,51.01133166766667,3.708430336,264.5118
294,gps,51.01133166766667,3.708430336,253.6264
295,gps,51.01132566133333,3.7084319915,253.6264
296,gps,51.01132566133333,3.7084319915,253.6264
297,gps,51.01132566133333,3.7084319915,260.499
298,gps,51.011320106166664,3.7084317159999998,260.499
299,gps,51.011320106166664,3.7084317159999998,260.499
300,gps,51.011320106166664,3.7084317159999998,260.8397
301,gps,51.01131481066667,3.7084333253333335,260.8397
302,gps,51.01131481066667,3.7084333253333335,260.8397
303,gps,51.01131481066667,3.7084333253333335,253.6586
304,gps,51.0113087835,3.7084339838333333,253.6586
305,gps,51.0113087835,3.7084339838333333,253.6586
306,gps,51.0113087835,3.7084339838333333,260.9027
307,gps,51.011303795,3.7084350993333333,260.9027
308,gps,51.011303795,3.7084350993333333,260.9027
309,gps,51.011303795,3.7084350993333333,251.0217
310,gps,51.011297792,3.708436839,251.0217
311,gps,51.011297792,3.708436839,251.0217
312,gps,51.011297792,3.708436839,256.0427
313,gps,51.01129325483333,3.7084381176666668,256.0427
314,gps,51.01129325483333,3.7084381176666668,256.0427
315,gps,51.01129325483333,3.7084381176666668,243.658
316,gps,51.011287001333336,3.7084415045,243.658
317,gps,51.011287001333336,3.7084415045,243.658
318,gps,51.011287001333336,3.7084415045,251.8062
319,gps,51.01128247166667,3.7084433498333333,251.8062
320,gps,51.01128247166667,3.7084433498333333,251.8062
321,gps,51.01128247166667,3.7084433498333333,247.0676
322,gps,51.01127855833333,3.7084472943333333,247.0676
323,gps,51.01127855833333,3.7084472943333333,247.0676
324,gps,51.01127855833333,3.7084472943333333,234.5397
325,gps,51.01127331883333,3.708451172666667,234.5397
326,gps,51.01127331883333,3.708451172666667,234.5397
327,gps,51.01127331883333,3.708451172666667,237.9263
328,gps,51.0112689095,3.708454774,237.9263
329,gps,51.0112689095,3.708454774,237.9263
330,gps,51.0112689095,3.708454774,228.2829
331,gps,51.01126361866667,3.7084600555,228.2829
332,gps,51.01126361866667,3.7084600555,228.2829
333,gps,51.01126361866667,3.7084600555,235.4993
334,gps,51.011259151666664,3.7084636863333333,235.4993
335,gps,51.011259151666664,3.7084636863333333,235.4993
336,gps,51.011259151666664,3.7084636863333333,225.2244
337,gps,51.011254924166664,3.7084698205,225.2244
338,gps,51.011254924166664,3.7084698205,225.2244
339,gps,51.011254924166664,3.7084698205,223.3105
340,gps,51.011251427,3.7084744708333335,223.3105
341,gps,51.011251427,3.7084744708333335,223.3105
342,gps,51.011251427,3.7084744708333335,212.1616
343,gps,51.01124907933333,3.7084817031666666,212.1616
344,gps,51.01124907933333,3.7084817031666666,212.1616
345,gps,51.01124907933333,3.7084817031666666,202.7224
346,gps,51.01124619483333,3.7084896038333333,202.7224
347,gps,51.01124619483333,3.7084896038333333,202.7224
348,gps,51.01124619483333,3.7084896038333333,205.2075
349,gps,51.011245038333335,3.708496859166667,205.2075
350,gps,51.011245038333335,3.708496859166667,205.2075
351,gps,51.011245038333335,3.708496859166667,191.8654
352,gps,51.011243089,3.7085056953333333,191.8654
353,gps,51.011243089,3.7085056953333333,191.8654
354,gps,51.011243089,3.7085056953333333,193.6137
355,gps,51.01124099783333,3.7085115683333334,193.6137
356,gps,51.01124099783333,3.7085115683333334,193.6137
357,gps,51.01124099783333,3.7085115683333334,177.8415
358,gps,51.011240383166665,3.7085204138333334,177.8415
359,gps,51.011240383166665,3.7085204138333334,177.8415
360,gps,51.011240383166665,3.7085204138333334,177.3425
361,gps,51.01123957466667,3.7085286325,177.3425
362,gps,51.01123957466667,3.7085286325,177.3425
363,gps,51.01123957466667,3.7085286325,176.6375
364,gps,51.01123892766667,3.7085369698333333,176.6375
365,gps,51.01123892766667,3.7085369698333333,176.6375
366,gps,51.01123892766667,3.7085369698333333,175.9526
367,gps,51.01123827516667,3.7085456023333334,175.9526
368,gps,51.01123827516667,3.7085456023333334,175.9526
369,gps,51.01123827516667,3.7085456023333334,179.8287
370,gps,51.01123857666666,3.7085535311666664,179.8287
371,gps,51.01123857666666,3.7085535311666664,179.8287
372,gps,51.01123857666666,3.7085535311666664,173.9153
373,gps,51.011239001166665,3.7085628626666667,173.9153
374,gps,51.011239001166665,3.7085628626666667,173.9153
375,gps,51.011239001166665,3.7085628626666667,176.8978
376,gps,51.01123727416667,3.7085707325,176.8978
377,gps,51.01123727416667,3.7085707325,176.8978
378,gps,51.01123727416667,3.7085707325,172.365
379,gps,51.011237223833334,3.708580073833333,172.365
380,gps,51.011237223833334,3.708580073833333,172.365
381,gps,51.011237223833334,3.708580073833333,174.6565
382,gps,51.01123741766666,3.7085893966666665,174.6565
383,gps,51.01123741766666,3.7085893966666665,174.6565
384,gps,51.01123741766666,3.7085893966666665,175.5412
385,gps,51.011237728833336,3.7085975781666667,175.5412
386,gps,51.011237728833336,3.7085975781666667,175.5412
387,gps,51.011237728833336,3.7085975781666667,172.2608
388,gps,51.01123773183333,3.7086059711666666,172.2608
389,gps,51.01123773183333,3.7086059711666666,172.2608
390,gps,51.01123773183333,3.7086059711666666,176.9965
391,gps,51.01123868016667,3.7086141585,176.9965
392,gps,51.01123868016667,3.7086141585,176.9965
393,gps,51.01123868016667,3.7086141585,170.8867
394,gps,51.01124152516667,3.7086255095,170.8867
395,gps,51.01124152516667,3.7086255095,170.8867
396,gps,51.01124152516667,3.7086255095,177.4708
397,gps,51.01124237583333,3.7086346181666667,177.4708
398,gps,51.01124237583333,3.7086346181666667,177.4708
399,gps,51.01124237583333,3.7086346181666667,175.1003
400,gps,51.0112430575,3.708642718,175.1003
401,gps,51.0112430575,3.708642718,175.1003
402,gps,51.0112430575,3.708642718,170.9358
403,gps,51.01124314283334,3.708650947,170.9358
404,gps,51.01124314283334,3.708650947,170.9358
405,gps,51.01124314283334,3.708650947,174.6297
406,gps,51.0112437445,3.708658519166667,174.6297
407,gps,51.0112437445,3.708658519166667,174.6297
408,gps,51.0112437445,3.708658519166667,171.0476
409,gps,51.011244784666665,3.708666806,171.0476
410,gps,51.011244784666665,3.708666806,171.0476
411,gps,51.011244784666665,3.708666806,176.1081
412,gps,51.01124599,3.7086737233333333,176.1081
413,gps,51.01124599,3.7086737233333333,176.1081
414,gps,51.01124599,3.7086737233333333,170.9523
415,gps,51.011246803333336,3.7086816123333333,170.9523
416,gps,51.011246803333336,3.7086816123333333,170.9523
417,gps,51.011246803333336,3.7086816123333333,168.9045
418,gps,51.011246903166665,3.7086891586666666,168.9045
419,gps,51.011246903166665,3.7086891586666666,168.9045
420,gps,51.011246903166665,3.7086891586666666,166.5258
421,gps,51.0112471585,3.7086965144999997,166.5258
422,gps,51.0112471585,3.7086965144999997,166.5258
423,gps,51.0112471585,3.7086965144999997,162.4677
424,gps,51.01124726366667,3.7087038856666665,162.4677
425,gps,51.01124726366667,3.7087038856666665,162.4677
426,gps,51.01124726366667,3.7087038856666665,156.1976
427,gps,51.0112472495,3.7087093416666668,156.1976
428,gps,51.0112472495,3.7087093416666668,156.1976
429,gps,51.0112472495,3.7087093416666668,147.3188
430,gps,51.011247972,3.7087172466666667,147.3188
431,gps,51.011247972,3.7087172466666667,147.3188
432,gps,51.011247972,3.7087172466666667,157.2074
433,gps,51.01124685883333,3.7087233923333334,157.2074
434,gps,51.01124685883333,3.7087233923333334,157.2074
435,gps,51.01124685883333,3.7087233923333334,153.3195
436,gps,51.011247403666665,3.7087282668333335,153.3195
437,gps,51.011247403666665,3.7087282668333335,153.3195
438,gps,51.011247403666665,3.7087282668333335,158.9726
439,gps,51.011247184,3.708733225,158.9726
440,gps,51.011247184,3.708733225,158.9726
441,gps,51.011247184,3.708733225,161.013
442,gps,51.0112467215,3.7087355145,161.013
443,gps,51.0112467215,3.7087355145,161.013
444,gps,51.0112467215,3.7087355145,151.9469
445,gps,51.01124728883333,3.708736766,151.9469
446,gps,51.01124728883333,3.708736766,151.9469
447,gps,51.01124728883333,3.708736766,153.5496
448,gps,51.011247175,3.7087384131666665,153.5496
449,gps,51.011247175,3.7087384131666665,153.5496
450,gps,51.011247175,3.7087384131666665,155.916
451,gps,51.011246168666666,3.7087397775,155.916
452,gps,51.011246168666666,3.7087397775,155.916
453,gps,51.011246168666666,3.7087397775,157.6713
454,gps,51.01124495733333,3.7087411088333333,157.6713
455,gps,51.01124495733333,3.7087411088333333,157.6713
456,gps,51.01124495733333,3.7087411088333333,157.6391
457,gps,51.011243976,3.708741899666667,157.6391
458,gps,51.011243976,3.708741899666667,157.6391
459,gps,51.011243976,3.708741899666667,156.5454
460,gps,51.01124331616667,3.7087426773333334,156.5454
461,gps,51.01124331616667,3.7087426773333334,156.5454
462,gps,51.01124331616667,3.7087426773333334,154.0873
463,gps,51.011242654166665,3.7087430551666665,154.0873
464,gps,51.011242654166665,3.7087430551666665,154.0873
465,gps,51.011242654166665,3.7087430551666665,153.4258
466,gps,51.011242083666666,3.7087430903333334,153.4258
467,gps,51.011242083666666,3.7087430903333334,153.4258
468,gps,51.011242083666666,3.7087430903333334,151.9373
469,gps,51.01124221716667,3.708743002333333,151.9373
470,gps,51.01124221716667,3.708743002333333,151.9373
471,gps,51.01124221716667,3.708743002333333,149.4486
472,gps,51.011242737833335,3.708742599333333,149.4486
473,gps,51.011242737833335,3.708742599333333,149.4486
474,gps,51.011242737833335,3.708742599333333,146.9189
475,gps,51.0112433885,3.7087422671666666,146.9189
476,gps,51.0112433885,3.7087422671666666,146.9189
477,gps,51.0112433885,3.7087422671666666,146.2475
478,gps,51.01124400683333,3.7087416324999998,146.2475
479,gps,51.01124400683333,3.7087416324999998,146.2475
480,gps,51.01124400683333,3.7087416324999998,146.0852
481,gps,51.01124464466667,3.7087407051666665,146.0852
482,gps,51.01124464466667,3.7087407051666665,146.0852
483,gps,51.01124464466667,3.7087407051666665,144.5113
484,gps,51.0112454575,3.708739679833333,144.5113
485,gps,51.0112454575,3.708739679833333,144.5113
486,gps,51.0112454575,3.708739679833333,142.7986
487,gps,51.011245579333334,3.7087388236666667,142.7986
488,gps,51.011245579333334,3.7087388236666667,142.7986
489,gps,51.011245579333334,3.7087388236666667,136.1274
490,gps,51.01124635866667,3.708737742166667,136.1274
491,gps,51.01124635866667,3.708737742166667,136.1274
492,gps,51.01124635866667,3.708737742166667,140.428
493,gps,51.011247182333335,3.7087364638333336,140.428
494,gps,51.011247182333335,3.7087364638333336,140.428
495,gps,51.011247182333335,3.7087364638333336,142.3605
496,gps,51.011248279166665,3.7087349383333335,142.3605
497,gps,51.011248279166665,3.7087349383333335,142.3605
498,gps,51.011248279166665,3.7087349383333335,144.1767
499,gps,51.01124878216667,3.7087331943333335,144.1767
500,gps,51.01124878216667,3.7087331943333335,144.1767
501,gps,51.01124878216667,3.7087331943333335,143.6563
502,gps,51.011249828,3.708732763,143.6563
503,gps,51.011249828,3.708732763,143.6563
504,gps,51.011249828,3.708732763,146.1988
505,gps,51.01125091116667,3.7087330603333335,146.1988
506,gps,51.01125091116667,3.7087330603333335,146.1988
507,gps,51.01125091116667,3.7087330603333335,147.6421
508,gps,51.0112513525,3.708733087833333,147.6421
509,gps,51.0112513525,3.708733087833333,147.6421
510,gps,51.0112513525,3.708733087833333,147.7372
511,gps,51.011251398166664,3.7087329755000003,147.7372
512,gps,51.011251398166664,3.7087329755000003,147.7372
513,gps,51.011251398166664,3.7087329755000003,146.601
514,gps,51.011250751,3.7087326296666667,146.601
515,gps,51.011250751,3.7087326296666667,146.601
516,gps,51.011250751,3.7087326296666667,147.5993
517,gps,51.0112501055,3.7087325075,147.5993
518,gps,51.0112501055,3.7087325075,147.5993
519,gps,51.0112501055,3.7087325075,147.4434
520,gps,51.01124961683333,3.7087325166666667,147.4434
521,gps,51.01124961683333,3.7087325166666667,147.4434
522,gps,51.01124961683333,3.7087325166666667,147.5153
523,gps,51.011249127333336,3.708731827833333,147.5153
524,gps,51.011249127333336,3.708731827833333,147.5153
525,gps,51.011249127333336,3.708731827833333,144.9825
526,gps,51.011248952833334,3.7087329208333335,144.9825
527,gps,51.011248952833334,3.7087329208333335,144.9825
528,gps,51.011248952833334,3.7087329208333335,153.5459
529,gps,51.011248261333336,3.7087360343333335,153.5459
530,gps,51.011248261333336,3.7087360343333335,153.5459
531,gps,51.011248261333336,3.7087360343333335,161.5834
532,gps,51.011247211666664,3.7087388825,161.5834
533,gps,51.011247211666664,3.7087388825,161.5834
534,gps,51.011247211666664,3.7087388825,152.0603
535,gps,51.011246676,3.708747061,152.0603
536,gps,51.011246676,3.708747061,152.0603
537,gps,51.011246676,3.708747061,175.0308
538,gps,51.01124384133333,3.7087520965,175.0308
539,gps,51.01124384133333,3.7087520965,175.0308
540,gps,51.01124384133333,3.7087520965,192.1364
541,gps,51.011241088333335,3.7087577316666667,192.1364
542,gps,51.011241088333335,3.7087577316666667,192.1364
543,gps,51.011241088333335,3.7087577316666667,190.2758
544,gps,51.01123967583333,3.7087649553333333,190.2758
545,gps,51.01123967583333,3.7087649553333333,190.2758
546,gps,51.01123967583333,3.7087649553333333,194.3141
547,gps,51.011238516666666,3.70877146,194.3141
548,gps,51.011238516666666,3.70877146,194.3141
549,gps,51.011238516666666,3.70877146,181.6726
550,gps,51.01123821983333,3.7087799478333334,181.6726
551,gps,51.01123821983333,3.7087799478333334,181.6726
552,gps,51.01123821983333,3.7087799478333334,179.9451
553,gps,51.01123740683333,3.7087864398333332,179.9451
554,gps,51.01123740683333,3.7087864398333332,179.9451
555,gps,51.01123740683333,3.7087864398333332,172.533
556,gps,51.01123726616667,3.7087924805,172.533
557,gps,51.01123726616667,3.7087924805,172.533
558,gps,51.01123726616667,3.7087924805,166.4354
559,gps,51.011236182333334,3.708799159833333,166.4354
560,gps,51.011236182333334,3.708799159833333,166.4354
561,gps,51.011236182333334,3.708799159833333,163.9135
562,gps,51.011235273333334,3.7088062528333334,163.9135
563,gps,51.011235273333334,3.7088062528333334,163.9135
564,gps,51.011235273333334,3.7088062528333334,157.0673
565,gps,51.0112348015,3.708813939,157.0673
566,gps,51.0112348015,3.708813939,157.0673
567,gps,51.0112348015,3.708813939,164.3031
568,gps,51.0112336435,3.708819704833333,164.3031
569,gps,51.0112336435,3.708819704833333,164.3031
570,gps,51.0112336435,3.708819704833333,151.4399
571,gps,51.01123368,3.7088228445,151.4399
572,gps,51.01123368,3.7088228445,151.4399
573,gps,51.01123368,3.7088228445,134.1493
574,gps,51.011233105833334,3.7088260303333334,134.1493
575,gps,51.011233105833334,3.7088260303333334,134.1493
576,gps,51.011233105833334,3.7088260303333334,122.8943
577,gps,51.011233139333335,3.7088273558333333,122.8943
578,gps,51.011233139333335,3.7088273558333333,122.8943
579,gps,51.011233139333335,3.7088273558333333,103.3496
580,gps,51.01123375416667,3.7088264421666666,103.3496
581,gps,51.01123375416667,3.7088264421666666,103.3496
582,gps,51.01123375416667,3.7088264421666666,107.2218
583,gps,51.01123376016667,3.7088285743333333,107.2218
584,gps,51.01123376016667,3.7088285743333333,107.2218
585,gps,51.01123376016667,3.7088285743333333,111.7175
586,gps,51.011233864,3.7088290335,111.7175
587,gps,51.011233864,3.7088290335,111.7175
588,gps,51.011233864,3.7088290335,112.1382
589,gps,51.01123357616667,3.7088297183333334,112.1382
590,gps,51.01123357616667,3.7088297183333334,112.1382
591,gps,51.01123357616667,3.7088297183333334,111.6633
592,gps,51.011233321,3.7088301408333333,111.6633
593,gps,51.011233321,3.7088301408333333,111.6633
594,gps,51.011233321,3.7088301408333333,111.5042
595,gps,51.0112330465,3.7088309535,111.5042
596,gps,51.0112330465,3.7088309535,111.5042
597,gps,51.0112330465,3.7088309535,107.7762
598,gps,51.011232087833335,3.708829634333333,107.7762
599,gps,51.011232087833335,3.708829634333333,107.7762
600,gps,51.011232087833335,3.708829634333333,90.3494
601,gps,51.011232224666664,3.7088300258333335,90.3494
602,gps,51.011232224666664,3.7088300258333335,90.3494
603,gps,51.011232224666664,3.7088300258333335,89.3599
604,gps,51.01123194583333,3.7088308866666666,89.3599
605,gps,51.01123194583333,3.7088308866666666,89.3599
606,gps,51.01123194583333,3.7088308866666666,89.8539
607,gps,51.011231707166665,3.708832499833333,89.8539
608,gps,51.011231707166665,3.708832499833333,89.8539
609,gps,51.011231707166665,3.708832499833333,149.6172
610,gps,51.01123054466667,3.708833595333333,149.6172
611,gps,51.01123054466667,3.708833595333333,149.6172
612,gps,51.01123054466667,3.708833595333333,346.543
613,gps,51.011229521833336,3.7088349281666666,346.543
614,gps,51.011229521833336,3.7088349281666666,346.543
615,gps,51.011229521833336,3.7088349281666666,327.3537
616,gps,51.0112294595,3.7088354421666665,327.3537
617,gps,51.0112294595,3.7088354421666665,327.3537
618,gps,51.0112294595,3.7088354421666665,0.0
619,gps,51.01122958483333,3.7088358898333333,0.0
620,gps,51.01122958483333,3.7088358898333333,0.0
621,gps,51.01122958483333,3.7088358898333333,335.4928
622,gps,51.01122970483333,3.708836298,335.4928
623,gps,51.01122970483333,3.708836298,335.4928
624,gps,51.01122970483333,3.708836298,336.1809
625,gps,51.01123002333333,3.7088371463333334,336.1809
626,gps,51.01123002333333,3.7088371463333334,336.1809
627,gps,51.01123002333333,3.7088371463333334,330.8167
628,gps,51.0112305775,3.7088382913333335,330.8167
629,gps,51.0112305775,3.7088382913333335,330.8167
630,gps,51.0112305775,3.7088382913333335,330.7294
631,gps,51.011230720166665,3.7088383738333333,330.7294
632,gps,51.011230720166665,3.7088383738333333,330.7294
633,gps,51.011230720166665,3.7088383738333333,330.2775
634,gps,51.01123058416667,3.7088387093333335,330.2775
635,gps,51.01123058416667,3.7088387093333335,330.2775
636,gps,51.01123058416667,3.7088387093333335,328.1997
637,gps,51.01123046433333,3.7088391098333333,328.1997
638,gps,51.01123046433333,3.7088391098333333,328.1997
639,gps,51.01123046433333,3.7088391098333333,331.7788
640,gps,51.01123039416667,3.7088391683333333,331.7788
641,gps,51.01123039416667,3.7088391683333333,331.7788
642,gps,51.01123039416667,3.7088391683333333,331.746
643,gps,51.011230135,3.708838769833333,331.746
644,gps,51.011230135,3.708838769833333,331.746
645,gps,51.011230135,3.708838769833333,331.8905
646,gps,51.0112297545,3.7088385805,331.8905
647,gps,51.0112297545,3.7088385805,331.8905
648,gps,51.0112297545,3.7088385805,332.3027
649,gps,51.0112294835,3.7088382828333333,332.3027
650,gps,51.0112294835,3.7088382828333333,332.3027
651,gps,51.0112294835,3.7088382828333333,332.957
652,gps,51.01122914016667,3.7088377786666666,332.957
653,gps,51.01122914016667,3.7088377786666666,332.957
654,gps,51.01122914016667,3.7088377786666666,332.1344
655,gps,51.011228726666666,3.7088373861666666,332.1344
656,gps,51.011228726666666,3.7088373861666666,332.1344
657,gps,51.011228726666666,3.7088373861666666,333.0453
