timestamp_utc,elapsed_s,camera,label,confidence,bbox_x1,bbox_y1,bbox_x2,bbox_y2,distance_m,angle_deg
2026-04-03T14:53:22.944Z,8.533,camera:0,sports ball,0.4705,1092.21,257.15,1152.00,324.07,6.152,5.620
2026-04-03T14:53:23.219Z,8.809,camera:0,sports ball,0.3600,1095.31,260.90,1152.64,316.69,7.380,5.680
2026-04-03T14:53:23.383Z,8.972,camera:0,sports ball,0.5989,1096.70,258.93,1156.63,313.20,7.587,5.767
2026-04-03T14:53:23.459Z,9.048,camera:0,sports ball,0.4385,1097.45,259.30,1156.59,313.93,7.537,5.779
2026-04-03T14:53:23.631Z,9.220,camera:0,sports ball,0.2994,1097.54,257.08,1156.06,308.76,7.966,5.772
2026-04-03T14:53:23.694Z,9.283,camera:0,sports ball,0.4171,1098.90,256.97,1156.63,308.14,8.045,5.803
2026-04-03T14:53:24.713Z,10.302,camera:0,sports ball,0.3672,1098.87,245.13,1158.43,307.50,6.601,5.832
2026-04-03T14:53:29.658Z,15.248,camera:0,sports ball,0.4955,1057.78,191.23,1115.29,252.23,6.750,4.467
2026-04-03T14:53:29.722Z,15.312,camera:0,sports ball,0.4420,1057.77,190.01,1114.37,257.80,6.074,4.452
2026-04-03T14:53:30.189Z,15.778,camera:0,sports ball,0.3137,1049.43,187.31,1106.97,260.53,5.623,4.196
2026-04-03T14:53:32.662Z,18.252,camera:0,sports ball,0.3386,1006.68,179.41,1067.27,253.20,5.579,2.855
2026-04-03T14:53:32.706Z,18.296,camera:0,sports ball,0.6309,1006.15,180.62,1064.70,241.36,6.778,2.805
2026-04-03T14:53:32.810Z,18.399,camera:0,sports ball,0.2567,1003.88,180.00,1064.77,247.80,6.073,2.769
2026-04-03T14:53:33.125Z,18.714,camera:0,sports ball,0.2602,997.49,180.00,1062.52,253.90,5.571,2.628
2026-04-03T14:53:33.203Z,18.792,camera:0,sports ball,0.3707,996.56,180.02,1058.43,251.37,5.771,2.546
2026-04-03T14:53:33.297Z,18.887,camera:0,sports ball,0.3529,995.68,181.72,1058.42,253.88,5.706,2.532
2026-04-03T14:53:33.368Z,18.957,camera:0,sports ball,0.3351,995.36,181.80,1056.01,255.05,5.621,2.487
2026-04-03T14:53:33.439Z,19.028,camera:0,sports ball,0.6309,994.87,181.83,1053.09,254.99,5.628,2.432
2026-04-03T14:53:33.517Z,19.106,camera:0,sports ball,0.6274,993.40,182.96,1051.47,252.67,5.907,2.381
2026-04-03T14:53:33.595Z,19.184,camera:0,sports ball,0.5418,992.27,184.06,1052.54,255.55,5.759,2.380
2026-04-03T14:53:33.679Z,19.268,camera:0,sports ball,0.5668,992.58,185.09,1050.96,254.98,5.891,2.360
2026-04-03T14:53:33.854Z,19.443,camera:0,sports ball,0.3636,988.51,187.26,1049.94,254.40,6.132,2.277
2026-04-03T14:53:35.642Z,21.231,camera:0,sports ball,0.2994,976.25,203.44,1038.22,276.08,5.668,1.886
2026-04-03T14:53:35.746Z,21.336,camera:0,sports ball,0.3921,976.31,206.96,1038.17,276.63,5.910,1.886
2026-04-03T14:53:36.867Z,22.456,camera:0,sports ball,0.2745,968.88,222.46,1029.10,289.27,6.163,1.616
2026-04-03T14:53:37.171Z,22.760,camera:0,sports ball,0.3279,967.95,227.98,1029.14,293.08,6.324,1.602
2026-04-03T14:53:37.234Z,22.823,camera:0,sports ball,0.4313,967.94,228.04,1026.48,293.60,6.281,1.559
2026-04-03T14:53:37.345Z,22.934,camera:0,sports ball,0.8377,968.28,228.63,1026.96,293.18,6.378,1.572
2026-04-03T14:53:37.414Z,23.004,camera:0,sports ball,0.6274,968.88,228.64,1027.44,296.60,6.058,1.589
2026-04-03T14:53:37.505Z,23.094,camera:0,sports ball,0.2887,968.28,230.98,1028.01,298.99,6.053,1.589
2026-04-03T14:53:37.612Z,23.201,camera:0,sports ball,0.3493,967.58,230.99,1027.44,299.50,6.010,1.568
2026-04-03T14:53:38.112Z,23.702,camera:0,sports ball,0.3707,965.96,238.64,1025.12,305.68,6.142,1.504
2026-04-03T14:53:42.900Z,28.489,camera:0,sports ball,0.2887,960.58,286.54,1022.48,350.03,6.485,1.373
2026-04-03T14:53:42.985Z,28.574,camera:0,sports ball,0.5989,959.99,287.32,1022.67,348.18,6.765,1.367
2026-04-03T14:53:43.162Z,28.751,camera:0,sports ball,0.3137,959.41,286.90,1022.77,347.83,6.757,1.359
2026-04-03T14:53:43.224Z,28.813,camera:0,sports ball,0.4099,958.80,287.32,1024.56,349.09,6.666,1.378
2026-04-03T14:53:44.074Z,29.664,camera:0,sports ball,0.3315,954.33,290.49,1019.29,356.03,6.282,1.219
2026-04-03T14:53:45.642Z,31.232,camera:0,sports ball,0.5097,953.54,286.90,1017.40,353.33,6.198,1.175
2026-04-03T14:53:46.683Z,32.272,camera:0,sports ball,0.3458,948.58,280.48,1016.36,361.96,5.053,1.077
2026-04-03T14:53:46.847Z,32.436,camera:0,sports ball,0.3992,948.65,277.83,1014.66,356.26,5.250,1.051
2026-04-03T14:53:46.911Z,32.500,camera:0,sports ball,0.6915,948.99,279.56,1013.60,340.35,6.773,1.039
2026-04-03T14:53:47.003Z,32.592,camera:0,sports ball,0.6630,948.05,278.88,1011.65,345.57,6.173,0.992
2026-04-03T14:53:47.082Z,32.672,camera:0,sports ball,0.3850,947.83,277.23,1012.13,344.50,6.120,0.996
2026-04-03T14:53:47.136Z,32.725,camera:0,sports ball,0.3493,947.99,277.75,1011.06,343.28,6.282,0.981
2026-04-03T14:53:49.418Z,35.008,camera:0,sports ball,0.3992,945.48,264.65,1012.62,335.88,5.780,0.966
2026-04-03T14:53:49.478Z,35.068,camera:0,sports ball,0.4812,946.36,263.54,1013.59,335.30,5.737,0.996
2026-04-03T14:53:49.547Z,35.136,camera:0,sports ball,0.6702,946.86,264.15,1013.13,334.05,5.890,0.997
2026-04-03T14:53:49.728Z,35.317,camera:0,sports ball,0.6024,947.55,262.64,1016.32,335.49,5.651,1.060
2026-04-03T14:53:49.794Z,35.384,camera:0,sports ball,0.2638,947.31,262.03,1016.32,333.34,5.774,1.056
2026-04-03T14:53:49.886Z,35.476,camera:0,sports ball,0.2745,947.54,261.18,1017.11,337.20,5.416,1.072
2026-04-03T14:53:50.319Z,35.908,camera:0,sports ball,0.7521,948.98,258.42,1014.49,334.32,5.425,1.053
2026-04-03T14:53:50.377Z,35.966,camera:0,sports ball,0.5062,949.81,257.52,1015.47,335.87,5.255,1.083
2026-04-03T14:53:50.705Z,36.294,camera:0,sports ball,0.4064,951.88,255.51,1016.93,333.55,5.275,1.140
2026-04-03T14:53:50.767Z,36.356,camera:0,sports ball,0.5204,951.27,254.38,1018.25,330.95,5.377,1.152
2026-04-03T14:53:50.841Z,36.430,camera:0,sports ball,0.3101,953.97,251.42,1020.31,331.24,5.158,1.230
2026-04-03T14:53:50.951Z,36.540,camera:0,sports ball,0.3208,953.97,252.04,1018.44,330.41,5.254,1.199
2026-04-03T14:53:51.799Z,37.388,camera:0,sports ball,0.3422,964.51,249.08,1029.72,320.73,5.746,1.555
2026-04-03T14:53:51.859Z,37.448,camera:0,sports ball,0.5097,963.48,247.41,1030.90,321.40,5.564,1.558
2026-04-03T14:53:51.970Z,37.559,camera:0,sports ball,0.3137,964.44,246.96,1032.33,319.93,5.642,1.597
2026-04-03T14:53:52.043Z,37.633,camera:0,sports ball,0.4812,965.96,246.94,1032.17,319.65,5.663,1.619
2026-04-03T14:53:52.223Z,37.812,camera:0,sports ball,0.5454,966.86,247.47,1036.90,318.59,5.788,1.711
2026-04-03T14:53:52.753Z,38.342,camera:0,sports ball,0.7842,973.45,243.32,1041.51,314.89,5.753,1.894
2026-04-03T14:53:52.839Z,38.428,camera:0,sports ball,0.5240,974.73,241.75,1046.11,315.96,5.548,1.990
2026-04-03T14:53:52.938Z,38.528,camera:0,sports ball,0.6060,973.71,240.51,1050.03,315.51,5.490,2.037
2026-04-03T14:53:53.011Z,38.600,camera:0,sports ball,0.6416,975.97,239.98,1046.74,312.94,5.643,2.020
2026-04-03T14:53:53.654Z,39.243,camera:0,sports ball,0.2673,981.63,238.65,1052.55,309.79,5.787,2.207
2026-04-03T14:53:53.714Z,39.304,camera:0,sports ball,0.3279,982.76,237.32,1053.67,307.96,5.829,2.244
2026-04-03T14:53:53.813Z,39.402,camera:0,sports ball,0.6915,985.13,236.40,1055.43,308.26,5.730,2.311
2026-04-03T14:53:53.903Z,39.492,camera:0,sports ball,0.7236,985.74,236.38,1056.63,309.19,5.654,2.341
2026-04-03T14:53:53.971Z,39.560,camera:0,sports ball,0.7094,988.99,236.37,1056.65,309.81,5.607,2.394
2026-04-03T14:53:54.050Z,39.639,camera:0,sports ball,0.6630,990.38,236.33,1059.05,308.38,5.714,2.456
2026-04-03T14:53:54.106Z,39.695,camera:0,sports ball,0.6951,991.90,235.25,1057.82,310.32,5.485,2.460
2026-04-03T14:53:54.182Z,39.772,camera:0,sports ball,0.4884,993.15,233.56,1060.04,309.32,5.434,2.517
2026-04-03T14:53:54.252Z,39.841,camera:0,sports ball,0.5810,994.42,232.59,1061.05,308.05,5.456,2.554
2026-04-03T14:53:54.369Z,39.959,camera:0,sports ball,0.5065,992.88,231.48,1061.47,306.51,5.488,2.536
2026-04-03T14:53:54.993Z,40.582,camera:0,sports ball,0.3066,1002.48,227.38,1069.70,308.32,5.086,2.826
2026-04-03T14:53:55.178Z,40.767,camera:0,sports ball,0.5917,1003.41,226.21,1071.66,299.80,5.595,2.874
2026-04-03T14:53:55.355Z,40.944,camera:0,sports ball,0.3173,1004.44,223.44,1074.45,305.59,5.012,2.936
2026-04-03T14:53:55.410Z,41.000,camera:0,sports ball,0.6096,1005.05,222.93,1074.03,304.32,5.059,2.939
2026-04-03T14:53:55.582Z,41.172,camera:0,sports ball,0.4884,1006.20,221.55,1074.52,301.62,5.142,2.966
2026-04-03T14:53:55.834Z,41.424,camera:0,sports ball,0.4206,1007.39,218.75,1076.02,292.33,5.596,3.009
2026-04-03T14:53:55.987Z,41.577,camera:0,sports ball,0.2887,1007.35,217.90,1077.68,292.72,5.503,3.036
2026-04-03T14:53:56.103Z,41.692,camera:0,sports ball,0.6238,1007.33,215.48,1080.67,296.23,5.099,3.084
2026-04-03T14:53:56.190Z,41.779,camera:0,sports ball,0.5739,1007.98,215.68,1078.28,291.82,5.408,3.056
2026-04-03T14:53:56.251Z,41.840,camera:0,sports ball,0.5097,1008.58,214.70,1079.46,288.19,5.602,3.085
2026-04-03T14:53:56.342Z,41.931,camera:0,sports ball,0.6167,1007.98,214.05,1079.47,290.46,5.389,3.075
2026-04-03T14:53:56.435Z,42.024,camera:0,sports ball,0.5204,1009.18,212.70,1079.47,290.35,5.303,3.095
2026-04-03T14:53:56.503Z,42.092,camera:0,sports ball,0.7058,1009.76,212.35,1080.04,288.14,5.432,3.113
2026-04-03T14:53:56.566Z,42.156,camera:0,sports ball,0.6416,1011.48,211.30,1082.98,288.66,5.322,3.189
2026-04-03T14:53:56.638Z,42.228,camera:0,sports ball,0.4919,1012.00,210.01,1084.05,288.46,5.248,3.215
2026-04-03T14:53:56.733Z,42.322,camera:0,sports ball,0.4206,1013.04,209.08,1084.58,289.71,5.107,3.241
2026-04-03T14:53:56.826Z,42.415,camera:0,sports ball,0.4028,1013.50,208.07,1085.55,289.41,5.061,3.264
2026-04-03T14:53:56.895Z,42.484,camera:0,sports ball,0.5917,1013.95,205.85,1085.08,287.79,5.024,3.264
2026-04-03T14:53:56.964Z,42.553,camera:0,sports ball,0.4563,1015.21,204.66,1085.57,287.04,4.997,3.292
2026-04-03T14:53:57.275Z,42.864,camera:0,sports ball,0.3636,1016.86,202.24,1088.44,281.17,5.216,3.366
2026-04-03T14:53:57.353Z,42.942,camera:0,sports ball,0.3779,1017.14,202.23,1089.08,278.83,5.374,3.381
2026-04-03T14:53:57.432Z,43.021,camera:0,sports ball,0.3885,1018.69,201.64,1089.05,275.76,5.555,3.405
2026-04-03T14:53:57.533Z,43.123,camera:0,sports ball,0.4028,1018.62,197.43,1088.27,277.96,5.113,3.392
2026-04-03T14:53:57.602Z,43.191,camera:0,sports ball,0.4456,1020.07,196.62,1088.34,281.27,4.864,3.416
2026-04-03T14:53:57.786Z,43.376,camera:0,sports ball,0.4135,1020.22,194.84,1089.17,276.73,5.028,3.432
2026-04-03T14:53:57.879Z,43.469,camera:0,sports ball,0.5062,1020.29,193.95,1090.02,272.46,5.244,3.447
2026-04-03T14:53:57.958Z,43.547,camera:0,sports ball,0.5596,1020.08,193.10,1090.97,269.26,5.406,3.459
2026-04-03T14:53:58.034Z,43.623,camera:0,sports ball,0.3779,1020.30,192.74,1091.27,268.73,5.418,3.468
2026-04-03T14:53:58.143Z,43.732,camera:0,sports ball,0.5561,1022.86,192.43,1091.70,267.52,5.484,3.516
2026-04-03T14:53:58.225Z,43.814,camera:0,sports ball,0.5311,1022.28,191.66,1092.98,267.18,5.452,3.528
2026-04-03T14:53:58.328Z,43.918,camera:0,sports ball,0.5775,1022.59,190.87,1093.53,268.31,5.317,3.542
2026-04-03T14:53:58.426Z,44.016,camera:0,sports ball,0.6630,1022.38,190.93,1093.63,265.72,5.505,3.540
2026-04-03T14:53:58.495Z,44.084,camera:0,sports ball,0.6096,1022.41,190.33,1093.58,265.99,5.441,3.540
2026-04-03T14:53:58.606Z,44.196,camera:0,sports ball,0.5989,1021.59,189.41,1093.36,264.99,5.447,3.523
2026-04-03T14:53:58.664Z,44.253,camera:0,sports ball,0.5917,1021.75,188.79,1094.11,265.39,5.375,3.537
2026-04-03T14:53:58.732Z,44.321,camera:0,sports ball,0.6131,1021.75,188.13,1094.62,265.07,5.351,3.546
2026-04-03T14:53:58.824Z,44.413,camera:0,sports ball,0.7628,1020.51,187.83,1094.97,265.16,5.325,3.531
2026-04-03T14:53:58.922Z,44.512,camera:0,sports ball,0.7450,1021.26,186.99,1095.64,265.36,5.253,3.555
2026-04-03T14:53:58.982Z,44.572,camera:0,sports ball,0.7201,1019.79,189.07,1095.94,264.06,5.491,3.535
2026-04-03T14:53:59.061Z,44.650,camera:0,sports ball,0.7521,1020.15,189.11,1096.29,263.91,5.504,3.547
2026-04-03T14:53:59.154Z,44.743,camera:0,sports ball,0.7486,1019.60,189.13,1096.26,264.38,5.472,3.538
2026-04-03T14:53:59.237Z,44.826,camera:0,sports ball,0.5882,1019.81,191.72,1095.84,264.21,5.680,3.534
2026-04-03T14:53:59.322Z,44.912,camera:0,sports ball,0.6951,1020.42,193.04,1095.43,264.85,5.734,3.537
2026-04-03T14:53:59.391Z,44.980,camera:0,sports ball,0.8020,1019.80,192.09,1095.18,265.38,5.618,3.523
2026-04-03T14:53:59.498Z,45.087,camera:0,sports ball,0.7842,1019.78,191.85,1094.82,265.31,5.605,3.517
2026-04-03T14:53:59.570Z,45.159,camera:0,sports ball,0.6915,1019.88,191.44,1094.54,265.44,5.564,3.514
2026-04-03T14:53:59.653Z,45.242,camera:0,sports ball,0.7878,1019.57,192.73,1094.53,264.05,5.773,3.509
2026-04-03T14:53:59.721Z,45.310,camera:0,sports ball,0.5561,1019.74,192.55,1094.32,267.78,5.473,3.508
2026-04-03T14:53:59.839Z,45.428,camera:0,sports ball,0.7201,1019.09,192.42,1093.32,268.69,5.398,3.481
2026-04-03T14:53:59.912Z,45.501,camera:0,sports ball,0.8270,1019.18,193.19,1093.15,268.46,5.470,3.480
2026-04-03T14:53:59.980Z,45.569,camera:0,sports ball,0.7129,1018.22,192.51,1093.25,269.21,5.368,3.466
2026-04-03T14:54:00.077Z,45.666,camera:0,sports ball,0.7486,1018.86,192.65,1093.15,270.80,5.268,3.475
2026-04-03T14:54:00.168Z,45.757,camera:0,sports ball,0.7985,1018.00,193.62,1092.59,270.26,5.372,3.452
2026-04-03T14:54:00.261Z,45.850,camera:0,sports ball,0.6416,1017.17,195.43,1089.47,269.39,5.567,3.388
2026-04-03T14:54:00.358Z,45.948,camera:0,sports ball,0.4242,1016.61,196.25,1089.86,270.35,5.556,3.385
2026-04-03T14:54:00.974Z,46.564,camera:0,sports ball,0.2816,1011.98,198.45,1085.08,275.59,5.337,3.232
2026-04-03T14:54:02.155Z,47.744,camera:0,sports ball,0.3137,987.54,201.12,1061.19,270.55,5.930,2.444
2026-04-03T14:54:02.484Z,48.074,camera:0,sports ball,0.2887,980.99,198.96,1052.50,279.77,5.094,2.196
2026-04-03T14:54:02.580Z,48.169,camera:0,sports ball,0.3957,979.33,200.00,1051.91,283.12,4.953,2.159
2026-04-03T14:54:03.165Z,48.754,camera:0,sports ball,0.3066,969.98,205.26,1040.65,278.63,5.611,1.823
2026-04-03T14:54:03.522Z,49.112,camera:0,sports ball,0.4741,963.97,206.37,1034.39,284.50,5.270,1.623
2026-04-03T14:54:03.599Z,49.188,camera:0,sports ball,0.2638,961.75,207.57,1032.09,287.53,5.149,1.549
2026-04-03T14:54:03.690Z,49.279,camera:0,sports ball,0.6773,961.16,206.94,1031.45,286.08,5.203,1.529
2026-04-03T14:54:03.822Z,49.411,camera:0,sports ball,0.6595,959.99,206.37,1029.12,287.43,5.079,1.472
2026-04-03T14:54:03.931Z,49.520,camera:0,sports ball,0.5632,958.23,206.37,1028.01,288.90,4.988,1.425
2026-04-03T14:54:04.026Z,49.616,camera:0,sports ball,0.6024,955.46,205.79,1026.98,303.08,4.232,1.363
2026-04-03T14:54:04.134Z,49.724,camera:0,sports ball,0.5133,952.37,205.80,1026.48,301.69,4.294,1.304
2026-04-03T14:54:05.029Z,50.618,camera:0,sports ball,0.2852,933.51,199.95,1004.01,301.03,4.073,0.630
2026-04-03T14:54:06.712Z,52.301,camera:0,sports ball,0.3565,891.96,177.63,967.03,260.63,4.960,-0.653
2026-04-03T14:54:06.813Z,52.402,camera:0,sports ball,0.5440,890.20,177.27,965.48,255.37,5.271,-0.707
2026-04-03T14:54:06.904Z,52.493,camera:0,sports ball,0.4952,887.73,173.46,963.34,261.50,4.676,-0.782
2026-04-03T14:54:07.083Z,52.672,camera:0,sports ball,0.3957,885.60,170.73,960.69,259.00,4.665,-0.860
2026-04-03T14:54:07.170Z,52.760,camera:0,sports ball,0.5965,883.66,170.37,958.93,259.58,4.615,-0.921
2026-04-03T14:54:07.234Z,52.823,camera:0,sports ball,0.7236,880.01,168.33,955.94,250.01,5.040,-1.029
2026-04-03T14:54:07.327Z,52.916,camera:0,sports ball,0.8520,877.18,167.90,953.82,245.29,5.321,-1.110
2026-04-03T14:54:07.443Z,53.032,camera:0,sports ball,0.8199,875.35,166.93,951.93,244.76,5.290,-1.170
2026-04-03T14:54:07.532Z,53.121,camera:0,sports ball,0.8270,874.44,164.61,950.34,244.72,5.139,-1.211
2026-04-03T14:54:07.601Z,53.190,camera:0,sports ball,0.7414,873.52,163.22,948.38,242.65,5.184,-1.258
2026-04-03T14:54:07.714Z,53.304,camera:0,sports ball,0.8805,874.08,161.50,947.74,237.82,5.394,-1.260
2026-04-03T14:54:07.781Z,53.370,camera:0,sports ball,0.7985,871.61,158.37,948.88,236.52,5.268,-1.281
2026-04-03T14:54:07.860Z,53.449,camera:0,sports ball,0.8733,871.58,154.82,945.51,234.28,5.181,-1.337
2026-04-03T14:54:07.958Z,53.547,camera:0,sports ball,0.7916,866.11,151.58,942.51,232.10,5.113,-1.475
2026-04-03T14:54:08.047Z,53.636,camera:0,sports ball,0.8163,866.87,148.73,942.05,232.02,4.943,-1.470
2026-04-03T14:54:08.118Z,53.708,camera:0,sports ball,0.6880,865.11,147.02,940.09,230.22,4.949,-1.531
2026-04-03T14:54:08.188Z,53.777,camera:0,sports ball,0.5561,863.39,145.03,941.14,237.49,4.453,-1.542
2026-04-03T14:54:08.346Z,53.936,camera:0,sports ball,0.7807,861.04,142.97,939.01,235.67,4.441,-1.615
2026-04-03T14:54:08.409Z,53.998,camera:0,sports ball,0.6131,858.95,141.03,935.45,230.69,4.592,-1.707
2026-04-03T14:54:08.483Z,54.073,camera:0,sports ball,0.5204,857.93,139.29,936.06,231.38,4.471,-1.714
2026-04-03T14:54:08.577Z,54.166,camera:0,sports ball,0.5846,856.34,135.46,933.68,223.00,4.703,-1.778
2026-04-03T14:54:08.664Z,54.253,camera:0,sports ball,0.7343,856.39,134.34,932.55,222.52,4.669,-1.796
2026-04-03T14:54:08.747Z,54.336,camera:0,sports ball,0.6274,855.98,133.17,931.47,221.80,4.645,-1.821
2026-04-03T14:54:08.830Z,54.420,camera:0,sports ball,0.7557,854.03,132.00,931.99,224.24,4.463,-1.844
2026-04-03T14:54:08.884Z,54.473,camera:0,sports ball,0.5454,852.86,131.97,929.94,220.24,4.664,-1.896
2026-04-03T14:54:08.961Z,54.550,camera:0,sports ball,0.3814,851.46,131.37,929.02,219.28,4.683,-1.934
2026-04-03T14:54:09.040Z,54.630,camera:0,sports ball,0.3992,850.63,129.59,927.06,219.26,4.592,-1.980
2026-04-03T14:54:09.122Z,54.711,camera:0,sports ball,0.4028,848.63,129.06,926.07,219.00,4.578,-2.029
2026-04-03T14:54:09.186Z,54.776,camera:0,sports ball,0.3422,847.26,128.45,922.98,216.21,4.692,-2.101
2026-04-03T14:54:09.262Z,54.851,camera:0,sports ball,0.4206,843.96,125.95,919.95,213.72,4.691,-2.205
2026-04-03T14:54:09.330Z,54.920,camera:0,sports ball,0.4741,843.97,126.38,917.62,211.51,4.836,-2.242
2026-04-03T14:54:09.400Z,54.989,camera:0,sports ball,0.5204,841.14,125.06,915.62,210.21,4.835,-2.321
2026-04-03T14:54:09.474Z,55.063,camera:0,sports ball,0.6666,839.97,124.64,912.64,210.34,4.804,-2.389
2026-04-03T14:54:09.577Z,55.166,camera:0,sports ball,0.6024,837.60,124.26,910.87,209.78,4.814,-2.456
2026-04-03T14:54:09.656Z,55.245,camera:0,sports ball,0.6844,835.97,123.80,910.23,206.32,4.989,-2.493
2026-04-03T14:54:09.763Z,55.352,camera:0,sports ball,0.6753,833.96,122.43,908.76,213.55,4.519,-2.550
2026-04-03T14:54:09.865Z,55.455,camera:0,sports ball,0.6488,833.12,119.94,907.99,208.74,4.636,-2.576
2026-04-03T14:54:09.928Z,55.517,camera:0,sports ball,0.6202,830.94,116.26,907.97,214.26,4.201,-2.612
2026-04-03T14:54:09.974Z,55.563,camera:0,sports ball,0.6559,830.17,116.73,905.57,211.01,4.367,-2.664
2026-04-03T14:54:10.099Z,55.688,camera:0,sports ball,0.6987,827.56,115.72,904.62,210.96,4.323,-2.722
2026-04-03T14:54:10.174Z,55.764,camera:0,sports ball,0.7201,825.53,115.29,903.42,211.47,4.281,-2.774
2026-04-03T14:54:10.247Z,55.837,camera:0,sports ball,0.5846,822.04,113.16,901.90,211.32,4.195,-2.856
2026-04-03T14:54:10.331Z,55.921,camera:0,sports ball,0.5204,820.05,112.05,901.33,210.98,4.162,-2.898
2026-04-03T14:54:10.421Z,56.010,camera:0,sports ball,0.3066,818.32,112.55,898.03,208.88,4.274,-2.980
2026-04-03T14:54:10.486Z,56.075,camera:0,sports ball,0.6238,813.04,109.87,894.72,207.70,4.208,-3.119
2026-04-03T14:54:10.556Z,56.145,camera:0,sports ball,0.6167,810.92,109.23,890.47,202.87,4.397,-3.223
2026-04-03T14:54:10.715Z,56.304,camera:0,sports ball,0.5668,809.52,109.81,890.46,205.33,4.310,-3.246
2026-04-03T14:54:10.777Z,56.367,camera:0,sports ball,0.2673,807.65,108.02,888.69,204.72,4.258,-3.305
2026-04-03T14:54:10.846Z,56.436,camera:0,sports ball,0.5204,806.13,108.62,886.89,205.24,4.261,-3.359
2026-04-03T14:54:10.952Z,56.541,camera:0,sports ball,0.3636,804.02,108.61,885.13,205.23,4.261,-3.422
2026-04-03T14:54:11.035Z,56.624,camera:0,sports ball,0.4527,800.86,106.84,880.72,203.38,4.265,-3.546
2026-04-03T14:54:11.515Z,57.104,camera:0,sports ball,0.2602,789.03,101.97,868.18,197.01,4.332,-3.942
2026-04-03T14:54:11.630Z,57.220,camera:0,sports ball,0.3779,785.13,102.99,864.76,196.51,4.403,-4.061
2026-04-03T14:54:11.773Z,57.362,camera:0,sports ball,0.4598,781.93,100.72,862.29,195.49,4.345,-4.153
2026-04-03T14:54:11.869Z,57.458,camera:0,sports ball,0.2994,778.89,99.93,859.51,193.93,4.380,-4.247
2026-04-03T14:54:11.953Z,57.542,camera:0,sports ball,0.2673,776.64,99.59,859.47,192.73,4.421,-4.285
2026-04-03T14:54:12.029Z,57.618,camera:0,sports ball,0.2852,774.40,99.18,858.41,194.51,4.319,-4.338
2026-04-03T14:54:12.101Z,57.690,camera:0,sports ball,0.4171,772.97,99.82,857.80,190.34,4.548,-4.371
2026-04-03T14:54:12.240Z,57.829,camera:0,sports ball,0.7379,771.94,99.54,854.88,187.19,4.698,-4.435
2026-04-03T14:54:12.302Z,57.891,camera:0,sports ball,0.8626,769.12,99.51,855.92,187.11,4.700,-4.464
2026-04-03T14:54:12.406Z,57.995,camera:0,sports ball,0.8983,767.99,99.88,852.98,187.00,4.726,-4.530
2026-04-03T14:54:12.499Z,58.088,camera:0,sports ball,0.9054,767.39,100.33,851.12,187.42,4.728,-4.570
2026-04-03T14:54:12.590Z,58.180,camera:0,sports ball,0.8626,767.38,100.73,850.05,187.40,4.751,-4.588
2026-04-03T14:54:12.695Z,58.284,camera:0,sports ball,0.8234,766.76,100.70,849.80,187.88,4.723,-4.602
2026-04-03T14:54:12.775Z,58.364,camera:0,sports ball,0.9090,766.79,102.48,850.43,187.55,4.840,-4.591
2026-04-03T14:54:12.843Z,58.432,camera:0,sports ball,0.9090,766.79,102.48,850.12,189.78,4.716,-4.596
2026-04-03T14:54:12.939Z,58.529,camera:0,sports ball,0.8626,766.20,102.98,849.82,191.07,4.674,-4.611
2026-04-03T14:54:13.027Z,58.616,camera:0,sports ball,0.2923,765.57,105.14,848.63,191.16,4.786,-4.640
2026-04-03T14:54:13.181Z,58.770,camera:0,sports ball,0.6345,766.18,106.25,848.08,192.97,4.748,-4.639
2026-04-03T14:54:13.614Z,59.203,camera:0,sports ball,0.3351,771.99,110.35,852.72,200.62,4.561,-4.470
2026-04-03T14:54:13.699Z,59.288,camera:0,sports ball,0.4563,772.05,112.69,853.99,199.71,4.731,-4.448
2026-04-03T14:54:13.795Z,59.384,camera:0,sports ball,0.4705,773.56,112.11,856.18,202.60,4.550,-4.388
2026-04-03T14:54:13.883Z,59.472,camera:0,sports ball,0.4313,775.66,113.63,856.06,202.25,4.646,-4.356
2026-04-03T14:54:13.967Z,59.556,camera:0,sports ball,0.5418,776.67,114.09,857.49,204.88,4.535,-4.316
2026-04-03T14:54:14.030Z,59.619,camera:0,sports ball,0.7414,778.02,116.47,858.95,205.50,4.624,-4.271
2026-04-03T14:54:14.146Z,59.735,camera:0,sports ball,0.6202,779.43,117.18,859.47,214.21,4.243,-4.239
2026-04-03T14:54:14.232Z,59.821,camera:0,sports ball,0.2567,779.04,117.39,858.94,213.11,4.301,-4.254
2026-04-03T14:54:14.326Z,59.916,camera:0,sports ball,0.5062,780.20,119.77,860.54,214.95,4.326,-4.209
2026-04-03T14:54:14.409Z,59.998,camera:0,sports ball,0.7236,782.43,120.94,860.55,216.19,4.323,-4.173
2026-04-03T14:54:14.460Z,60.050,camera:0,sports ball,0.7628,782.30,124.18,860.55,212.98,4.636,-4.175
2026-04-03T14:54:14.551Z,60.140,camera:0,sports ball,0.5097,782.36,124.25,860.57,218.51,4.368,-4.174
2026-04-03T14:54:14.643Z,60.233,camera:0,sports ball,0.6202,782.30,125.94,861.12,218.29,4.458,-4.166
2026-04-03T14:54:14.731Z,60.320,camera:0,sports ball,0.7985,781.98,126.94,862.83,218.87,4.479,-4.143
2026-04-03T14:54:14.851Z,60.440,camera:0,sports ball,0.7272,782.69,126.94,863.43,220.03,4.423,-4.122
2026-04-03T14:54:14.919Z,60.508,camera:0,sports ball,0.8270,783.35,129.10,864.04,220.61,4.499,-4.101
2026-04-03T14:54:14.998Z,60.587,camera:0,sports ball,0.7343,783.40,130.24,865.27,220.63,4.555,-4.081
2026-04-03T14:54:15.098Z,60.687,camera:0,sports ball,0.6987,784.05,130.83,865.84,222.39,4.497,-4.061
2026-04-03T14:54:15.182Z,60.771,camera:0,sports ball,0.5561,785.18,133.80,867.69,224.66,4.531,-4.012
2026-04-03T14:54:15.288Z,60.877,camera:0,sports ball,0.4955,786.03,135.49,870.40,224.59,4.620,-3.955
2026-04-03T14:54:15.391Z,60.980,camera:0,sports ball,0.6202,787.47,136.55,870.72,225.69,4.619,-3.926
2026-04-03T14:54:15.458Z,61.048,camera:0,sports ball,0.7450,787.47,137.05,870.69,226.81,4.587,-3.926
2026-04-03T14:54:15.578Z,61.168,camera:0,sports ball,0.7593,787.96,138.85,873.70,228.62,4.586,-3.870
2026-04-03T14:54:15.635Z,61.224,camera:0,sports ball,0.7628,789.64,140.32,872.38,228.66,4.661,-3.864
2026-04-03T14:54:15.700Z,61.289,camera:0,sports ball,0.7628,790.20,141.25,872.76,230.62,4.607,-3.848
2026-04-03T14:54:15.811Z,61.400,camera:0,sports ball,0.4456,790.13,142.96,873.61,233.09,4.568,-3.836
2026-04-03T14:54:15.887Z,61.476,camera:0,sports ball,0.3458,791.31,142.59,875.19,234.19,4.495,-3.791
2026-04-03T14:54:16.022Z,61.612,camera:0,sports ball,0.4171,794.26,146.05,877.76,243.14,4.241,-3.701
2026-04-03T14:54:16.313Z,61.902,camera:0,sports ball,0.5810,797.48,150.44,880.16,243.18,4.439,-3.610
2026-04-03T14:54:16.385Z,61.974,camera:0,sports ball,0.6559,798.82,153.08,881.04,243.22,4.568,-3.573
2026-04-03T14:54:16.979Z,62.568,camera:0,sports ball,0.3850,803.49,167.46,887.47,256.25,4.637,-3.393
2026-04-03T14:54:17.043Z,62.632,camera:0,sports ball,0.6096,803.34,170.01,888.07,257.72,4.694,-3.386
2026-04-03T14:54:17.115Z,62.704,camera:0,sports ball,0.6131,803.71,171.34,888.67,259.18,4.688,-3.370
2026-04-03T14:54:17.187Z,62.776,camera:0,sports ball,0.6523,803.96,172.36,890.44,259.65,4.717,-3.337
2026-04-03T14:54:17.293Z,62.882,camera:0,sports ball,0.5917,805.69,174.97,890.39,261.50,4.758,-3.310
2026-04-03T14:54:17.386Z,62.976,camera:0,sports ball,0.6381,806.14,176.01,889.27,262.32,4.770,-3.321
2026-04-03T14:54:17.470Z,63.060,camera:0,sports ball,0.5632,805.62,176.51,888.72,263.92,4.710,-3.338
2026-04-03T14:54:17.526Z,63.115,camera:0,sports ball,0.7521,806.36,178.25,889.91,265.14,4.738,-3.307
2026-04-03T14:54:17.630Z,63.219,camera:0,sports ball,0.6202,807.58,180.02,891.10,266.56,4.758,-3.267
2026-04-03T14:54:17.718Z,63.308,camera:0,sports ball,0.7664,808.35,181.79,894.40,268.22,4.764,-3.201
2026-04-03T14:54:17.791Z,63.380,camera:0,sports ball,0.6416,808.36,185.03,893.33,270.90,4.795,-3.218
2026-04-03T14:54:17.898Z,63.488,camera:0,sports ball,0.6915,808.78,185.52,893.98,275.69,4.566,-3.201
2026-04-03T14:54:17.961Z,63.551,camera:0,sports ball,0.5062,809.55,187.21,892.66,273.12,4.793,-3.210
2026-04-03T14:54:18.199Z,63.788,camera:0,sports ball,0.5775,809.14,190.33,893.41,280.88,4.547,-3.204
2026-04-03T14:54:18.262Z,63.852,camera:0,sports ball,0.5561,809.96,191.64,893.42,279.82,4.669,-3.191
2026-04-03T14:54:18.319Z,63.908,camera:0,sports ball,0.6844,810.43,193.53,892.19,282.46,4.630,-3.203
2026-04-03T14:54:18.522Z,64.112,camera:0,sports ball,0.4563,813.58,196.02,895.88,286.28,4.561,-3.092
2026-04-03T14:54:19.139Z,64.728,camera:0,sports ball,0.3279,821.95,212.34,902.89,296.34,4.901,-2.841
2026-04-03T14:54:19.215Z,64.804,camera:0,sports ball,0.7414,822.40,212.64,903.44,299.39,4.746,-2.825
2026-04-03T14:54:19.331Z,64.920,camera:0,sports ball,0.5490,823.21,215.21,902.73,301.19,4.789,-2.823
2026-04-03T14:54:19.389Z,64.978,camera:0,sports ball,0.6096,823.26,216.54,904.66,305.79,4.613,-2.791
2026-04-03T14:54:19.571Z,65.160,camera:0,sports ball,0.6773,827.74,221.11,908.54,309.39,4.664,-2.655
2026-04-03T14:54:19.649Z,65.238,camera:0,sports ball,0.5418,830.72,222.47,909.10,307.79,4.826,-2.597
2026-04-03T14:54:19.742Z,65.332,camera:0,sports ball,0.4527,831.25,223.46,908.54,308.93,4.817,-2.598
2026-04-03T14:54:19.808Z,65.397,camera:0,sports ball,0.6987,831.67,225.65,909.10,309.90,4.887,-2.582
2026-04-03T14:54:19.904Z,65.493,camera:0,sports ball,0.6309,832.77,226.24,911.43,310.92,4.862,-2.526
2026-04-03T14:54:20.018Z,65.607,camera:0,sports ball,0.6630,834.48,227.42,911.42,311.47,4.898,-2.498
2026-04-03T14:54:20.069Z,65.659,camera:0,sports ball,0.7807,834.46,229.79,913.23,313.19,4.936,-2.469
2026-04-03T14:54:20.137Z,65.726,camera:0,sports ball,0.5204,835.45,229.79,915.91,313.08,4.943,-2.409
2026-04-03T14:54:20.266Z,65.855,camera:0,sports ball,0.7557,835.46,233.03,917.24,313.57,5.112,-2.387
2026-04-03T14:54:20.325Z,65.914,camera:0,sports ball,0.6060,837.06,234.83,919.04,316.27,5.055,-2.332
2026-04-03T14:54:20.405Z,65.994,camera:0,sports ball,0.8769,838.22,235.94,919.13,316.31,5.123,-2.311
2026-04-03T14:54:20.482Z,66.072,camera:0,sports ball,0.6167,839.39,236.88,920.75,319.64,4.975,-2.266
2026-04-03T14:54:20.561Z,66.150,camera:0,sports ball,0.3244,840.55,237.22,923.43,321.57,4.882,-2.203
2026-04-03T14:54:20.695Z,66.284,camera:0,sports ball,0.4848,841.13,240.30,925.30,322.06,5.035,-2.163
2026-04-03T14:54:20.787Z,66.376,camera:0,sports ball,0.3422,845.94,242.78,928.80,325.66,4.968,-2.028
2026-04-03T14:54:20.882Z,66.472,camera:0,sports ball,0.2567,847.99,243.56,926.92,326.12,4.987,-2.025
2026-04-03T14:54:20.942Z,66.532,camera:0,sports ball,0.5240,847.61,244.01,927.30,325.66,5.042,-2.025
2026-04-03T14:54:21.026Z,66.616,camera:0,sports ball,0.6844,848.93,245.57,927.05,325.43,5.156,-2.008
2026-04-03T14:54:21.123Z,66.713,camera:0,sports ball,0.6167,851.45,245.98,929.10,328.50,4.989,-1.933
2026-04-03T14:54:21.466Z,67.056,camera:0,sports ball,0.5276,856.76,250.23,936.63,332.39,5.011,-1.724
2026-04-03T14:54:21.530Z,67.119,camera:0,sports ball,0.7628,857.18,250.24,937.22,333.23,4.961,-1.707
2026-04-03T14:54:21.730Z,67.320,camera:0,sports ball,0.3422,858.96,254.40,941.64,336.77,4.998,-1.606
2026-04-03T14:54:21.790Z,67.380,camera:0,sports ball,0.7771,860.54,254.96,942.54,335.38,5.119,-1.565
2026-04-03T14:54:21.852Z,67.442,camera:0,sports ball,0.4313,862.24,256.06,945.21,334.63,5.240,-1.494
2026-04-03T14:54:21.962Z,67.551,camera:0,sports ball,0.8270,865.79,256.58,947.69,337.07,5.115,-1.396
2026-04-03T14:54:22.047Z,67.636,camera:0,sports ball,0.7914,865.78,257.99,949.82,337.85,5.156,-1.361
2026-04-03T14:54:22.127Z,67.716,camera:0,sports ball,0.7486,869.03,259.26,950.72,338.88,5.171,-1.293
2026-04-03T14:54:22.261Z,67.850,camera:0,sports ball,0.8805,870.47,259.68,952.25,337.63,5.282,-1.245
2026-04-03T14:54:22.309Z,67.898,camera:0,sports ball,0.3386,872.29,259.29,953.48,340.01,5.101,-1.195
2026-04-03T14:54:22.435Z,68.024,camera:0,sports ball,0.7700,873.15,260.01,955.42,343.31,4.942,-1.149
2026-04-03T14:54:22.494Z,68.083,camera:0,sports ball,0.7521,875.17,259.68,955.99,341.82,5.013,-1.107
2026-04-03T14:54:22.574Z,68.164,camera:0,sports ball,0.4491,876.34,260.73,958.28,347.22,4.760,-1.051
2026-04-03T14:54:22.750Z,68.340,camera:0,sports ball,0.5668,879.66,259.70,958.25,340.45,5.099,-0.997
2026-04-03T14:54:22.826Z,68.415,camera:0,sports ball,0.3279,881.16,260.69,960.66,344.84,4.893,-0.933
2026-04-03T14:54:22.994Z,68.583,camera:0,sports ball,0.6773,883.47,260.37,964.12,340.86,5.115,-0.839
2026-04-03T14:54:23.119Z,68.708,camera:0,sports ball,0.7664,884.52,260.72,968.32,342.84,5.013,-0.753
2026-04-03T14:54:23.180Z,68.770,camera:0,sports ball,0.7807,885.07,260.77,968.46,338.80,5.276,-0.742
2026-04-03T14:54:23.251Z,68.840,camera:0,sports ball,0.7949,885.63,260.98,969.24,342.15,5.073,-0.720
2026-04-03T14:54:23.359Z,68.948,camera:0,sports ball,0.7628,886.79,260.77,970.11,341.62,5.092,-0.687
2026-04-03T14:54:23.445Z,69.034,camera:0,sports ball,0.8626,888.59,260.13,970.51,339.95,5.158,-0.651
2026-04-03T14:54:23.517Z,69.106,camera:0,sports ball,0.8234,891.44,261.03,973.05,342.03,5.083,-0.563
2026-04-03T14:54:23.582Z,69.171,camera:0,sports ball,0.4349,893.94,260.34,974.77,360.67,4.104,-0.494
2026-04-03T14:54:23.685Z,69.274,camera:0,sports ball,0.3066,894.41,260.71,975.75,356.70,4.289,-0.470
2026-04-03T14:54:23.767Z,69.356,camera:0,sports ball,0.8020,896.90,260.64,977.55,344.02,4.938,-0.400
2026-04-03T14:54:23.931Z,69.521,camera:0,sports ball,0.3850,899.02,258.02,979.99,341.86,4.911,-0.326
2026-04-03T14:54:24.068Z,69.657,camera:0,sports ball,0.6844,901.45,257.04,985.81,340.15,4.954,-0.191
2026-04-03T14:54:24.139Z,69.728,camera:0,sports ball,0.4812,904.73,256.04,987.72,338.42,4.998,-0.106
2026-04-03T14:54:24.257Z,69.846,camera:0,sports ball,0.4705,905.57,255.49,989.27,341.18,4.804,-0.067
2026-04-03T14:54:24.321Z,69.910,camera:0,sports ball,0.3565,906.95,256.02,989.78,339.54,4.929,-0.036
2026-04-03T14:54:24.508Z,70.097,camera:0,sports ball,0.8270,909.61,255.99,993.26,338.30,5.002,0.064
2026-04-03T14:54:24.585Z,70.174,camera:0,sports ball,0.8020,912.56,253.76,996.68,342.85,4.622,0.168
2026-04-03T14:54:24.651Z,70.240,camera:0,sports ball,0.8341,913.18,254.91,996.41,343.76,4.634,0.174
2026-04-03T14:54:24.770Z,70.359,camera:0,sports ball,0.6951,916.54,254.34,998.13,335.70,5.060,0.256
2026-04-03T14:54:24.843Z,70.433,camera:0,sports ball,0.8983,918.41,252.00,999.22,335.10,4.955,0.305
2026-04-03T14:54:24.915Z,70.504,camera:0,sports ball,0.7308,920.89,250.23,1001.56,332.93,4.979,0.383
2026-04-03T14:54:25.010Z,70.600,camera:0,sports ball,0.7236,920.91,249.08,1002.03,331.49,4.996,0.391
2026-04-03T14:54:25.088Z,70.677,camera:0,sports ball,0.8840,922.83,250.21,1005.66,336.51,4.771,0.482
2026-04-03T14:54:25.173Z,70.762,camera:0,sports ball,0.8056,923.88,247.96,1006.26,333.20,4.831,0.509
2026-04-03T14:54:25.275Z,70.864,camera:0,sports ball,0.7985,925.61,248.45,1009.23,337.63,4.617,0.586
2026-04-03T14:54:25.351Z,70.940,camera:0,sports ball,0.4670,928.78,247.47,1007.40,333.58,4.781,0.608
2026-04-03T14:54:25.478Z,71.068,camera:0,sports ball,0.3707,929.14,246.92,1008.65,327.37,5.117,0.634
2026-04-03T14:54:25.854Z,71.443,camera:0,sports ball,0.2852,937.15,241.66,1019.85,325.68,4.900,0.948
2026-04-03T14:54:26.555Z,72.144,camera:0,sports ball,0.3493,952.18,230.32,1035.03,315.21,4.850,1.441
2026-04-03T14:54:27.204Z,72.793,camera:0,sports ball,0.6167,967.23,210.49,1051.44,300.43,4.577,1.954
2026-04-03T14:54:27.290Z,72.880,camera:0,sports ball,0.2638,970.25,208.53,1050.43,293.77,4.830,1.987
2026-04-03T14:54:27.358Z,72.948,camera:0,sports ball,0.6096,972.20,204.52,1051.98,293.16,4.645,2.044
2026-04-03T14:54:27.431Z,73.020,camera:0,sports ball,0.4278,973.61,202.03,1053.68,284.56,4.989,2.095
2026-04-03T14:54:27.792Z,73.381,camera:0,sports ball,0.3850,978.37,191.37,1060.57,278.35,4.734,2.285
2026-04-03T14:54:27.882Z,73.472,camera:0,sports ball,0.4456,978.88,188.00,1061.62,274.79,4.744,2.310
2026-04-03T14:54:27.959Z,73.549,camera:0,sports ball,0.3101,981.01,187.94,1064.66,272.25,4.883,2.394
2026-04-03T14:54:28.203Z,73.792,camera:0,sports ball,0.5240,981.56,176.40,1069.51,264.55,4.671,2.482
2026-04-03T14:54:28.297Z,73.887,camera:0,sports ball,0.3743,985.13,173.84,1070.64,264.33,4.550,2.559
2026-04-03T14:54:28.389Z,73.978,camera:0,sports ball,0.5347,984.56,170.16,1070.69,265.34,4.325,2.551
2026-04-03T14:54:28.463Z,74.052,camera:0,sports ball,0.5989,987.92,167.02,1073.06,273.61,3.862,2.644
2026-04-03T14:54:28.531Z,74.121,camera:0,sports ball,0.2959,986.83,162.48,1073.96,269.77,3.838,2.641
2026-04-03T14:54:28.590Z,74.180,camera:0,sports ball,0.3992,990.78,159.48,1075.40,260.89,4.060,2.729
2026-04-03T14:54:28.771Z,74.360,camera:0,sports ball,0.4634,993.46,151.94,1075.39,235.95,4.901,2.772
2026-04-03T14:54:28.928Z,74.517,camera:0,sports ball,0.2709,993.93,149.32,1079.39,241.22,4.480,2.845
2026-04-03T14:54:29.167Z,74.756,camera:0,sports ball,0.6773,997.01,139.63,1079.45,224.85,4.831,2.896
2026-04-03T14:54:29.248Z,74.837,camera:0,sports ball,0.8020,1000.02,135.44,1082.99,224.51,4.622,3.003
2026-04-03T14:54:29.339Z,74.928,camera:0,sports ball,0.6915,1000.05,130.21,1084.67,217.38,4.723,3.031
2026-04-03T14:54:29.488Z,75.078,camera:0,sports ball,0.5454,1001.18,126.91,1088.13,218.18,4.511,3.105
2026-04-03T14:54:29.581Z,75.170,camera:0,sports ball,0.3458,1002.93,125.07,1087.64,212.16,4.727,3.126
2026-04-03T14:54:29.647Z,75.237,camera:0,sports ball,0.3565,1005.64,121.28,1091.37,213.11,4.484,3.231
2026-04-03T14:54:29.755Z,75.344,camera:0,sports ball,0.4991,1006.82,118.65,1089.68,206.60,4.681,3.222
2026-04-03T14:54:29.840Z,75.429,camera:0,sports ball,0.4349,1006.20,117.21,1094.36,214.51,4.231,3.289
2026-04-03T14:54:29.920Z,75.509,camera:0,sports ball,0.7379,1007.39,113.54,1093.18,206.05,4.451,3.289
2026-04-03T14:54:30.002Z,75.591,camera:0,sports ball,0.4313,1007.38,109.15,1095.14,205.89,4.256,3.320
2026-04-03T14:54:30.055Z,75.644,camera:0,sports ball,0.7842,1008.01,106.16,1097.06,202.84,4.258,3.362
2026-04-03T14:54:30.186Z,75.775,camera:0,sports ball,0.6844,1010.31,103.80,1098.02,202.66,4.165,3.415
2026-04-03T14:54:30.307Z,75.897,camera:0,sports ball,0.5989,1011.40,101.28,1099.46,203.79,4.016,3.456
2026-04-03T14:54:30.377Z,75.966,camera:0,sports ball,0.5026,1011.93,98.93,1100.50,198.20,4.147,3.482
2026-04-03T14:54:30.441Z,76.031,camera:0,sports ball,0.3137,1014.34,96.66,1101.65,203.84,3.841,3.540
2026-04-03T14:54:30.546Z,76.136,camera:0,sports ball,0.5133,1015.30,93.70,1100.50,193.33,4.133,3.537
2026-04-03T14:54:30.630Z,76.220,camera:0,sports ball,0.6630,1016.90,91.93,1101.09,195.04,3.993,3.572
2026-04-03T14:54:30.715Z,76.304,camera:0,sports ball,0.5240,1018.35,89.48,1100.50,180.16,4.541,3.586
2026-04-03T14:54:30.783Z,76.372,camera:0,sports ball,0.3921,1018.84,85.20,1101.66,184.42,4.149,3.613
2026-04-03T14:54:30.888Z,76.477,camera:0,sports ball,0.7129,1019.41,82.21,1102.84,176.81,4.353,3.641
2026-04-03T14:54:30.974Z,76.564,camera:0,sports ball,0.4171,1021.78,79.42,1103.42,175.24,4.297,3.689
2026-04-03T14:54:31.063Z,76.652,camera:0,sports ball,0.5383,1022.66,75.95,1104.67,175.80,4.123,3.724
2026-04-03T14:54:31.158Z,76.748,camera:0,sports ball,0.6416,1022.62,73.08,1105.23,161.96,4.633,3.733
2026-04-03T14:54:31.238Z,76.828,camera:0,sports ball,0.6345,1024.69,71.89,1107.56,165.85,4.382,3.804
2026-04-03T14:54:31.296Z,76.885,camera:0,sports ball,0.7735,1024.76,66.86,1106.37,157.02,4.567,3.786
2026-04-03T14:54:31.390Z,76.979,camera:0,sports ball,0.8234,1024.77,63.47,1108.01,154.36,4.530,3.813
2026-04-03T14:54:31.478Z,77.068,camera:0,sports ball,0.7914,1025.98,59.99,1109.56,155.81,4.297,3.858
2026-04-03T14:54:31.545Z,77.135,camera:0,sports ball,0.8626,1026.45,58.21,1112.09,159.19,4.077,3.906
2026-04-03T14:54:31.639Z,77.229,camera:0,sports ball,0.7022,1027.47,54.40,1113.06,151.79,4.228,3.939
2026-04-03T14:54:31.733Z,77.322,camera:0,sports ball,0.6737,1028.54,50.84,1113.87,146.92,4.285,3.969
2026-04-03T14:54:31.830Z,77.420,camera:0,sports ball,0.6202,1029.07,47.75,1115.18,145.16,4.227,3.999
2026-04-03T14:54:31.897Z,77.486,camera:0,sports ball,0.8056,1030.20,45.25,1114.29,138.16,4.431,4.003
2026-04-03T14:54:31.964Z,77.553,camera:0,sports ball,0.6666,1030.21,42.84,1112.72,134.58,4.488,3.978
2026-04-03T14:54:32.103Z,77.692,camera:0,sports ball,0.7985,1029.64,40.55,1113.95,134.08,4.402,3.989
2026-04-03T14:54:32.156Z,77.746,camera:0,sports ball,0.7414,1030.20,36.60,1113.44,130.28,4.395,3.989
2026-04-03T14:54:32.274Z,77.863,camera:0,sports ball,0.7165,1029.55,32.49,1113.02,129.81,4.231,3.972
2026-04-03T14:54:32.341Z,77.930,camera:0,sports ball,0.7379,1027.43,30.42,1115.25,127.61,4.236,3.974
2026-04-03T14:54:32.407Z,77.996,camera:0,sports ball,0.7379,1025.96,27.88,1113.35,121.73,4.387,3.919
2026-04-03T14:54:32.518Z,78.108,camera:0,sports ball,0.7486,1026.38,24.32,1113.18,121.47,4.238,3.923
2026-04-03T14:54:32.605Z,78.194,camera:0,sports ball,0.5383,1025.48,21.47,1110.72,123.95,4.017,3.868
2026-04-03T14:54:32.693Z,78.282,camera:0,sports ball,0.8484,1024.69,17.57,1109.56,114.25,4.258,3.837
2026-04-03T14:54:32.803Z,78.393,camera:0,sports ball,0.8163,1024.20,16.04,1109.58,117.87,4.043,3.829
2026-04-03T14:54:32.856Z,78.445,camera:0,sports ball,0.7914,1022.01,14.39,1108.05,112.52,4.195,3.768
2026-04-03T14:54:32.927Z,78.516,camera:0,sports ball,0.6452,1020.90,10.24,1108.59,112.41,4.030,3.759
2026-04-03T14:54:33.017Z,78.606,camera:0,sports ball,0.6523,1020.47,5.54,1108.10,112.04,3.866,3.744
2026-04-03T14:54:33.074Z,78.663,camera:0,sports ball,0.3422,1019.16,3.63,1105.83,111.20,3.827,3.686
2026-04-03T14:54:33.198Z,78.788,camera:0,sports ball,0.6630,1017.37,3.06,1102.25,101.28,4.192,3.599
2026-04-03T14:54:33.290Z,78.879,camera:0,sports ball,0.7343,1015.28,2.25,1101.63,94.60,4.458,3.555
2026-04-03T14:54:33.449Z,79.038,camera:0,sports ball,0.2887,1011.97,0.62,1097.94,86.88,4.773,3.441
2026-04-03T14:54:33.523Z,79.113,camera:0,sports ball,0.3672,1007.94,0.59,1097.42,83.15,4.987,3.367
2026-04-03T14:54:33.609Z,79.198,camera:0,sports ball,0.3529,1006.15,0.37,1096.15,82.77,4.997,3.317
2026-04-03T14:54:33.687Z,79.277,camera:0,sports ball,0.6303,1003.54,0.78,1093.65,77.17,5.390,3.234
2026-04-03T14:54:33.771Z,79.361,camera:0,sports ball,0.5953,1003.82,0.13,1090.57,74.09,5.567,3.188
2026-04-03T14:54:33.868Z,79.457,camera:0,sports ball,0.6791,1002.50,-0.05,1088.88,72.87,5.647,3.139
2026-04-03T14:54:33.951Z,79.540,camera:0,sports ball,0.4690,1000.44,0.77,1087.54,68.89,6.044,3.084
2026-04-03T14:54:34.038Z,79.628,camera:0,sports ball,0.3279,1000.08,0.35,1088.44,76.14,5.432,3.092
2026-04-03T14:54:34.120Z,79.709,camera:0,sports ball,0.5133,998.61,0.87,1085.67,69.54,5.996,3.023
2026-04-03T14:54:34.227Z,79.816,camera:0,sports ball,0.5846,995.52,0.76,1085.20,66.66,6.247,2.966
2026-04-03T14:54:34.299Z,79.888,camera:0,sports ball,0.4135,996.01,0.48,1082.42,70.52,5.878,2.928
2026-04-03T14:54:34.467Z,80.056,camera:0,sports ball,0.3264,992.76,1.64,1078.78,62.32,6.785,2.816
2026-04-03T14:54:34.550Z,80.140,camera:0,sports ball,0.4064,991.77,0.94,1078.23,63.90,6.539,2.791
2026-04-03T14:54:34.634Z,80.223,camera:0,sports ball,0.3173,988.96,0.71,1078.21,64.75,6.430,2.745
2026-04-03T14:54:34.807Z,80.396,camera:0,sports ball,0.2739,985.69,0.78,1075.98,60.11,6.939,2.655
2026-04-03T14:54:35.068Z,80.658,camera:0,sports ball,0.2780,982.07,1.03,1073.10,59.25,7.071,2.549
2026-04-03T14:54:35.130Z,80.720,camera:0,sports ball,0.3279,980.93,0.98,1068.93,56.91,7.362,2.463
2026-04-03T14:54:35.202Z,80.791,camera:0,sports ball,0.2852,980.97,1.02,1068.34,57.05,7.348,2.454
2026-04-03T14:54:38.786Z,84.376,camera:0,sports ball,0.3939,946.29,1.63,1038.38,73.05,5.764,1.399
2026-04-03T14:54:38.850Z,84.440,camera:0,sports ball,0.4577,945.53,0.74,1038.86,75.25,5.526,1.395
2026-04-03T14:54:39.034Z,84.624,camera:0,sports ball,0.3264,947.01,-0.08,1038.89,79.54,5.171,1.419
2026-04-03T14:54:39.222Z,84.812,camera:0,sports ball,0.2589,948.67,-0.10,1043.04,86.38,4.761,1.514
2026-04-03T14:54:39.301Z,84.890,camera:0,sports ball,0.4171,951.30,0.53,1047.10,88.75,4.667,1.623
2026-04-03T14:54:39.368Z,84.957,camera:0,sports ball,0.7022,952.60,0.60,1046.39,88.83,4.667,1.633
2026-04-03T14:54:39.472Z,85.061,camera:0,sports ball,0.7842,953.87,0.81,1048.02,88.73,4.683,1.680
2026-04-03T14:54:39.597Z,85.186,camera:0,sports ball,0.6024,954.37,0.73,1050.25,95.62,4.339,1.725
2026-04-03T14:54:39.678Z,85.268,camera:0,sports ball,0.6844,955.84,1.00,1050.83,97.37,4.272,1.758
2026-04-03T14:54:39.748Z,85.337,camera:0,sports ball,0.8020,956.42,0.94,1054.78,102.17,4.067,1.832
2026-04-03T14:54:39.865Z,85.454,camera:0,sports ball,0.8413,958.22,1.65,1054.80,99.85,4.192,1.862
2026-04-03T14:54:39.937Z,85.526,camera:0,sports ball,0.8127,957.06,1.46,1055.43,104.52,3.995,1.853
2026-04-03T14:54:40.003Z,85.592,camera:0,sports ball,0.7914,956.99,1.97,1055.45,110.17,3.805,1.853
2026-04-03T14:54:40.099Z,85.688,camera:0,sports ball,0.6488,958.21,2.74,1055.48,111.51,3.785,1.873
2026-04-03T14:54:40.175Z,85.764,camera:0,sports ball,0.7735,959.91,3.61,1058.99,123.58,3.432,1.958
2026-04-03T14:54:40.219Z,85.808,camera:0,sports ball,0.8199,960.51,4.26,1058.44,123.06,3.466,1.959
2026-04-03T14:54:40.289Z,85.879,camera:0,sports ball,0.8056,961.77,5.96,1058.42,123.57,3.501,1.979
2026-04-03T14:54:40.373Z,85.962,camera:0,sports ball,0.7201,961.68,7.92,1060.09,126.65,3.468,2.005
2026-04-03T14:54:40.471Z,86.060,camera:0,sports ball,0.7949,961.70,10.21,1060.61,129.94,3.439,2.013
2026-04-03T14:54:40.531Z,86.120,camera:0,sports ball,0.7308,962.85,11.42,1062.16,133.21,3.381,2.057
2026-04-03T14:54:40.651Z,86.240,camera:0,sports ball,0.5846,964.55,14.38,1062.66,129.94,3.563,2.093
2026-04-03T14:54:40.722Z,86.312,camera:0,sports ball,0.6737,966.02,14.99,1063.58,136.99,3.375,2.132
2026-04-03T14:54:40.774Z,86.364,camera:0,sports ball,0.5596,966.86,17.16,1065.02,138.00,3.407,2.170
2026-04-03T14:54:40.885Z,86.475,camera:0,sports ball,0.2673,967.96,19.66,1068.40,134.67,3.580,2.243
2026-04-03T14:54:40.978Z,86.568,camera:0,sports ball,0.3636,970.25,23.17,1070.26,132.05,3.781,2.310
2026-04-03T14:54:41.070Z,86.659,camera:0,sports ball,0.5561,971.21,27.71,1071.21,136.00,3.802,2.341
2026-04-03T14:54:41.167Z,86.756,camera:0,sports ball,0.7022,971.47,27.38,1073.03,140.41,3.643,2.375
2026-04-03T14:54:41.236Z,86.826,camera:0,sports ball,0.6274,974.55,28.61,1073.78,146.56,3.491,2.438
2026-04-03T14:54:41.308Z,86.898,camera:0,sports ball,0.5882,975.13,31.94,1072.92,151.83,3.434,2.433
2026-04-03T14:54:41.421Z,87.010,camera:0,sports ball,0.7949,976.61,33.63,1074.27,149.11,3.565,2.479
2026-04-03T14:54:41.498Z,87.088,camera:0,sports ball,0.7878,977.98,36.62,1076.43,154.22,3.501,2.537
2026-04-03T14:54:41.599Z,87.188,camera:0,sports ball,0.8448,977.56,39.45,1079.39,161.44,3.375,2.578
2026-04-03T14:54:41.677Z,87.267,camera:0,sports ball,0.9019,979.42,40.99,1080.05,160.03,3.459,2.619
2026-04-03T14:54:41.758Z,87.348,camera:0,sports ball,0.9019,982.21,44.00,1077.08,155.15,3.704,2.616
2026-04-03T14:54:41.814Z,87.404,camera:0,sports ball,0.7914,983.93,46.44,1081.22,167.43,3.403,2.712
2026-04-03T14:54:41.917Z,87.506,camera:0,sports ball,0.6987,983.34,48.16,1080.03,167.28,3.456,2.683
2026-04-03T14:54:42.000Z,87.589,camera:0,sports ball,0.8020,986.28,50.07,1081.23,173.88,3.326,2.750
2026-04-03T14:54:42.092Z,87.681,camera:0,sports ball,0.8056,986.26,52.48,1080.63,170.73,3.482,2.740
2026-04-03T14:54:42.193Z,87.782,camera:0,sports ball,0.8306,988.46,56.38,1082.42,174.91,3.474,2.805
2026-04-03T14:54:42.255Z,87.845,camera:0,sports ball,0.6238,988.99,57.57,1083.63,177.99,3.419,2.833
2026-04-03T14:54:42.378Z,87.968,camera:0,sports ball,0.6096,989.52,59.97,1084.11,175.81,3.554,2.850
2026-04-03T14:54:42.446Z,88.036,camera:0,sports ball,0.7022,989.96,61.82,1086.07,175.50,3.622,2.889
2026-04-03T14:54:42.518Z,88.107,camera:0,sports ball,0.7414,991.99,64.67,1087.20,180.95,3.541,2.941
2026-04-03T14:54:42.682Z,88.271,camera:0,sports ball,0.7486,992.01,66.25,1089.40,183.47,3.512,2.977
2026-04-03T14:54:42.773Z,88.362,camera:0,sports ball,0.8413,991.71,67.45,1092.31,187.74,3.423,3.019
2026-04-03T14:54:42.829Z,88.419,camera:0,sports ball,0.6880,991.92,70.52,1091.91,193.53,3.347,3.016
2026-04-03T14:54:42.935Z,88.524,camera:0,sports ball,0.8341,992.56,73.93,1096.18,196.11,3.370,3.096
2026-04-03T14:54:43.012Z,88.602,camera:0,sports ball,0.8163,994.20,75.66,1097.07,192.98,3.510,3.137
2026-04-03T14:54:43.087Z,88.676,camera:0,sports ball,0.8662,995.51,77.93,1097.53,197.74,3.437,3.166
2026-04-03T14:54:43.151Z,88.741,camera:0,sports ball,0.7985,997.67,81.71,1098.94,194.90,3.637,3.224
2026-04-03T14:54:43.272Z,88.861,camera:0,sports ball,0.8199,997.94,82.15,1102.27,210.17,3.216,3.283
2026-04-03T14:54:43.338Z,88.928,camera:0,sports ball,0.7985,998.33,85.20,1103.47,209.03,3.325,3.309
2026-04-03T14:54:43.443Z,89.032,camera:0,sports ball,0.8876,999.29,89.06,1103.44,216.70,3.225,3.324
2026-04-03T14:54:43.501Z,89.090,camera:0,sports ball,0.8626,999.64,91.69,1105.22,209.94,3.482,3.359
2026-04-03T14:54:43.592Z,89.182,camera:0,sports ball,0.8840,999.95,94.25,1106.38,215.72,3.389,3.382
2026-04-03T14:54:43.678Z,89.268,camera:0,sports ball,0.8769,1001.50,99.09,1109.05,216.28,3.513,3.451
2026-04-03T14:54:43.759Z,89.349,camera:0,sports ball,0.8983,1003.44,102.80,1110.06,221.86,3.458,3.499
2026-04-03T14:54:43.842Z,89.431,camera:0,sports ball,0.8983,1004.49,106.16,1112.64,225.49,3.450,3.558
2026-04-03T14:54:43.930Z,89.520,camera:0,sports ball,0.8341,1005.58,110.41,1114.24,227.87,3.505,3.602
2026-04-03T14:54:44.020Z,89.609,camera:0,sports ball,0.9090,1009.12,115.35,1117.79,236.05,3.411,3.717
2026-04-03T14:54:44.112Z,89.701,camera:0,sports ball,0.9054,1013.41,118.91,1121.94,240.31,3.391,3.855
2026-04-03T14:54:44.188Z,89.778,camera:0,sports ball,0.8769,1015.15,121.79,1124.51,241.31,3.445,3.925
2026-04-03T14:54:44.251Z,89.841,camera:0,sports ball,0.7129,1015.98,126.47,1126.77,242.24,3.556,3.975
2026-04-03T14:54:44.362Z,89.951,camera:0,sports ball,0.6808,1018.77,132.50,1128.04,249.57,3.517,4.041
2026-04-03T14:54:44.442Z,90.031,camera:0,sports ball,0.7201,1019.32,136.00,1129.82,254.56,3.473,4.079
2026-04-03T14:54:44.534Z,90.124,camera:0,sports ball,0.9090,1020.29,140.03,1132.51,256.65,3.530,4.138
2026-04-03T14:54:44.638Z,90.228,camera:0,sports ball,0.9090,1020.06,141.67,1132.52,259.97,3.480,4.135
2026-04-03T14:54:44.703Z,90.292,camera:0,sports ball,0.9090,1021.68,144.91,1134.42,260.64,3.557,4.192
2026-04-03T14:54:44.787Z,90.377,camera:0,sports ball,0.9090,1022.75,148.57,1134.44,261.43,3.648,4.209
2026-04-03T14:54:44.890Z,90.479,camera:0,sports ball,0.9090,1023.98,150.96,1134.93,264.19,3.636,4.237
2026-04-03T14:54:44.967Z,90.556,camera:0,sports ball,0.8983,1025.14,153.11,1135.82,266.28,3.638,4.271
2026-04-03T14:54:45.042Z,90.631,camera:0,sports ball,0.8805,1026.43,155.42,1136.59,269.51,3.609,4.304
2026-04-03T14:54:45.107Z,90.696,camera:0,sports ball,0.8840,1027.96,158.93,1141.68,272.66,3.620,4.412
2026-04-03T14:54:45.225Z,90.814,camera:0,sports ball,0.8805,1029.07,162.81,1142.45,276.64,3.617,4.442
2026-04-03T14:54:45.303Z,90.892,camera:0,sports ball,0.8448,1029.62,165.64,1140.63,279.17,3.627,4.422
2026-04-03T14:54:45.373Z,90.962,camera:0,sports ball,0.8591,1031.35,166.25,1142.94,281.96,3.558,4.487
2026-04-03T14:54:45.478Z,91.068,camera:0,sports ball,0.8840,1034.32,168.76,1143.67,287.05,3.481,4.547
2026-04-03T14:54:45.559Z,91.149,camera:0,sports ball,0.9090,1036.49,171.76,1144.68,287.85,3.547,4.599
2026-04-03T14:54:45.644Z,91.233,camera:0,sports ball,0.8020,1035.99,173.96,1145.45,293.01,3.458,4.603
2026-04-03T14:54:45.726Z,91.316,camera:0,sports ball,0.8234,1036.48,173.41,1147.97,305.09,3.127,4.652
2026-04-03T14:54:45.801Z,91.390,camera:0,sports ball,0.8199,1037.98,178.19,1146.48,293.66,3.566,4.652
2026-04-03T14:54:45.914Z,91.504,camera:0,sports ball,0.8341,1040.28,177.47,1151.96,306.54,3.190,4.778
2026-04-03T14:54:45.983Z,91.572,camera:0,sports ball,0.8484,1040.23,180.57,1151.99,296.18,3.561,4.778
2026-04-03T14:54:46.051Z,91.641,camera:0,sports ball,0.8199,1040.84,183.93,1152.58,298.40,3.597,4.797
2026-04-03T14:54:46.147Z,91.736,camera:0,sports ball,0.8769,1042.36,186.35,1152.60,304.38,3.488,4.822
2026-04-03T14:54:46.244Z,91.833,camera:0,sports ball,0.9090,1042.43,187.19,1154.90,302.98,3.556,4.861
2026-04-03T14:54:46.308Z,91.897,camera:0,sports ball,0.9090,1043.41,188.24,1155.47,309.12,3.406,4.886
2026-04-03T14:54:46.415Z,92.004,camera:0,sports ball,0.9090,1044.66,189.60,1155.47,308.83,3.453,4.906
2026-04-03T14:54:46.486Z,92.076,camera:0,sports ball,0.9090,1044.78,190.63,1157.53,319.71,3.190,4.942
2026-04-03T14:54:46.567Z,92.156,camera:0,sports ball,0.9090,1045.57,190.88,1158.43,309.79,3.462,4.969
2026-04-03T14:54:46.650Z,92.239,camera:0,sports ball,0.9090,1045.54,192.55,1159.73,318.21,3.276,4.990
2026-04-03T14:54:46.735Z,92.325,camera:0,sports ball,0.9090,1047.60,194.58,1160.55,321.02,3.256,5.036
2026-04-03T14:54:46.820Z,92.410,camera:0,sports ball,0.8912,1047.18,196.59,1162.91,325.58,3.192,5.067
2026-04-03T14:54:46.921Z,92.510,camera:0,sports ball,0.7771,1047.58,197.03,1162.63,320.45,3.336,5.070
2026-04-03T14:54:46.983Z,92.572,camera:0,sports ball,0.8983,1048.57,200.49,1165.06,321.06,3.415,5.125
2026-04-03T14:54:47.095Z,92.684,camera:0,sports ball,0.8876,1049.13,201.08,1166.05,321.20,3.427,5.150
2026-04-03T14:54:47.175Z,92.764,camera:0,sports ball,0.7414,1049.57,202.81,1166.03,317.97,3.575,5.157
2026-04-03T14:54:47.264Z,92.854,camera:0,sports ball,0.8769,1050.95,202.82,1167.70,320.49,3.499,5.206
2026-04-03T14:54:47.358Z,92.948,camera:0,sports ball,0.7201,1052.01,205.77,1169.18,318.32,3.658,5.248
2026-04-03T14:54:47.430Z,93.020,camera:0,sports ball,0.8769,1054.17,206.35,1169.19,320.86,3.596,5.283
2026-04-03T14:54:47.511Z,93.100,camera:0,sports ball,0.9090,1054.78,208.54,1169.62,324.68,3.545,5.299
2026-04-03T14:54:47.582Z,93.172,camera:0,sports ball,0.9054,1053.65,210.81,1172.55,328.01,3.513,5.329
2026-04-03T14:54:47.670Z,93.260,camera:0,sports ball,0.8805,1057.74,211.21,1173.66,327.87,3.529,5.413
2026-04-03T14:54:47.760Z,93.349,camera:0,sports ball,0.8805,1055.97,212.67,1174.82,328.31,3.560,5.403
2026-04-03T14:54:47.850Z,93.440,camera:0,sports ball,0.8912,1054.78,212.93,1173.12,332.39,3.446,5.356
2026-04-03T14:54:47.950Z,93.540,camera:0,sports ball,0.8912,1056.56,214.92,1176.60,332.88,3.490,5.441
2026-04-03T14:54:48.007Z,93.596,camera:0,sports ball,0.8662,1057.73,217.17,1178.34,329.72,3.658,5.488
2026-04-03T14:54:48.127Z,93.716,camera:0,sports ball,0.7521,1057.11,219.09,1177.21,340.56,3.389,5.460
2026-04-03T14:54:48.204Z,93.793,camera:0,sports ball,0.8698,1058.29,221.06,1176.62,337.89,3.524,5.469
2026-04-03T14:54:48.287Z,93.877,camera:0,sports ball,0.8591,1059.42,220.65,1179.45,337.23,3.531,5.534
2026-04-03T14:54:48.366Z,93.956,camera:0,sports ball,0.8234,1059.94,222.43,1179.99,341.28,3.464,5.551
2026-04-03T14:54:48.454Z,94.043,camera:0,sports ball,0.8840,1059.97,221.91,1181.49,341.38,3.446,5.575
2026-04-03T14:54:48.514Z,94.104,camera:0,sports ball,0.8912,1058.31,222.93,1181.50,344.02,3.400,5.549
2026-04-03T14:54:48.585Z,94.174,camera:0,sports ball,0.9090,1058.88,223.44,1181.96,341.50,3.488,5.565
2026-04-03T14:54:48.650Z,94.239,camera:0,sports ball,0.8698,1055.96,223.94,1182.41,342.56,3.471,5.525
2026-04-03T14:54:48.713Z,94.302,camera:0,sports ball,0.7842,1058.31,225.58,1181.51,345.70,3.428,5.549
2026-04-03T14:54:48.825Z,94.414,camera:0,sports ball,0.8484,1057.15,226.21,1181.51,344.94,3.468,5.530
2026-04-03T14:54:48.890Z,94.480,camera:0,sports ball,0.8306,1057.74,226.77,1181.03,347.73,3.404,5.532
2026-04-03T14:54:48.968Z,94.557,camera:0,sports ball,0.8020,1058.32,227.37,1180.56,347.18,3.436,5.534
2026-04-03T14:54:49.063Z,94.652,camera:0,sports ball,0.7236,1058.87,227.95,1180.04,350.11,3.370,5.534
2026-04-03T14:54:49.155Z,94.744,camera:0,sports ball,0.8769,1058.84,228.56,1181.02,348.46,3.434,5.550
2026-04-03T14:54:49.250Z,94.840,camera:0,sports ball,0.8947,1056.55,229.76,1180.01,350.04,3.423,5.496
2026-04-03T14:54:49.315Z,94.904,camera:0,sports ball,0.7593,1054.78,228.99,1181.04,350.78,3.380,5.484
2026-04-03T14:54:49.412Z,95.001,camera:0,sports ball,0.8662,1055.40,228.50,1180.54,352.79,3.313,5.486
2026-04-03T14:54:49.555Z,95.144,camera:0,sports ball,0.8413,1054.22,231.44,1180.53,351.18,3.439,5.467
2026-04-03T14:54:49.614Z,95.204,camera:0,sports ball,0.7985,1054.23,229.73,1180.02,352.60,3.351,5.459
2026-04-03T14:54:49.699Z,95.288,camera:0,sports ball,0.7521,1054.17,233.05,1176.63,364.10,3.142,5.403
2026-04-03T14:54:49.795Z,95.384,camera:0,sports ball,0.8448,1052.48,233.51,1177.20,357.28,3.326,5.385
2026-04-03T14:54:49.875Z,95.464,camera:0,sports ball,0.8341,1049.48,233.51,1175.43,360.49,3.242,5.308
2026-04-03T14:54:49.969Z,95.559,camera:0,sports ball,0.8056,1049.90,234.38,1176.61,358.71,3.311,5.334
2026-04-03T14:54:50.067Z,95.656,camera:0,sports ball,0.7521,1048.95,233.95,1174.28,364.20,3.161,5.280
2026-04-03T14:54:50.133Z,95.722,camera:0,sports ball,0.5739,1049.45,233.97,1175.44,365.30,3.135,5.307
2026-04-03T14:54:50.213Z,95.802,camera:0,sports ball,0.8840,1048.70,235.19,1173.13,364.94,3.173,5.258
2026-04-03T14:54:50.310Z,95.899,camera:0,sports ball,0.7272,1048.24,235.20,1173.72,365.12,3.169,5.260
2026-04-03T14:54:50.391Z,95.980,camera:0,sports ball,0.8591,1048.01,234.79,1173.12,362.44,3.225,5.246
2026-04-03T14:54:50.482Z,96.071,camera:0,sports ball,0.8947,1047.66,235.16,1172.03,362.80,3.226,5.223
2026-04-03T14:54:50.579Z,96.168,camera:0,sports ball,0.8912,1047.31,235.91,1171.51,362.17,3.261,5.209
2026-04-03T14:54:50.649Z,96.238,camera:0,sports ball,0.9090,1045.34,235.56,1171.01,359.66,3.318,5.169
2026-04-03T14:54:50.717Z,96.306,camera:0,sports ball,0.8947,1045.29,235.17,1170.07,361.53,3.258,5.153
2026-04-03T14:54:50.785Z,96.374,camera:0,sports ball,0.9090,1045.04,235.16,1169.63,360.43,3.287,5.142
2026-04-03T14:54:50.868Z,96.457,camera:0,sports ball,0.8983,1044.15,233.46,1169.63,365.85,3.110,5.127
2026-04-03T14:54:50.974Z,96.564,camera:0,sports ball,0.8912,1043.48,233.46,1169.64,363.25,3.172,5.117
2026-04-03T14:54:51.028Z,96.617,camera:0,sports ball,0.9090,1043.08,232.99,1169.20,364.06,3.141,5.103
2026-04-03T14:54:51.159Z,96.748,camera:0,sports ball,0.9090,1042.85,233.92,1169.20,363.06,3.188,5.099
2026-04-03T14:54:51.229Z,96.818,camera:0,sports ball,0.8591,1040.95,233.47,1168.79,364.47,3.143,5.062
2026-04-03T14:54:51.288Z,96.877,camera:0,sports ball,0.9090,1040.27,232.99,1167.73,361.21,3.211,5.034
2026-04-03T14:54:51.356Z,96.945,camera:0,sports ball,0.9090,1039.95,230.88,1166.84,360.77,3.170,5.014
2026-04-03T14:54:51.455Z,97.044,camera:0,sports ball,0.8983,1038.80,231.44,1166.81,360.84,3.182,4.995
2026-04-03T14:54:51.578Z,97.167,camera:0,sports ball,0.6488,1037.97,230.30,1166.97,379.09,2.767,4.984
2026-04-03T14:54:51.634Z,97.223,camera:0,sports ball,0.8912,1035.48,226.70,1166.56,359.59,3.098,4.937
2026-04-03T14:54:51.707Z,97.296,camera:0,sports ball,0.5347,1035.46,227.99,1165.14,356.00,3.216,4.914
2026-04-03T14:54:51.779Z,97.368,camera:0,sports ball,0.4777,1034.88,227.41,1165.17,359.35,3.120,4.905
2026-04-03T14:54:51.855Z,97.444,camera:0,sports ball,0.3743,1034.34,227.41,1164.19,351.44,3.319,4.880
2026-04-03T14:54:51.967Z,97.556,camera:0,sports ball,0.9019,1032.57,226.23,1163.93,355.17,3.193,4.847
2026-04-03T14:54:52.041Z,97.630,camera:0,sports ball,0.5668,1031.97,226.81,1161.11,348.32,3.388,4.792
2026-04-03T14:54:52.101Z,97.690,camera:0,sports ball,0.8912,1030.79,224.54,1160.96,352.13,3.227,4.770
2026-04-03T14:54:52.181Z,97.770,camera:0,sports ball,0.9090,1030.19,221.59,1160.76,350.29,3.199,4.757
2026-04-03T14:54:52.260Z,97.849,camera:0,sports ball,0.8912,1028.86,222.95,1161.10,352.14,3.187,4.741
2026-04-03T14:54:52.358Z,97.947,camera:0,sports ball,0.8805,1030.72,219.83,1160.37,345.38,3.279,4.760
2026-04-03T14:54:52.450Z,98.040,camera:0,sports ball,0.9090,1033.16,219.31,1159.30,347.00,3.224,4.782
2026-04-03T14:54:52.503Z,98.092,camera:0,sports ball,0.9090,1033.14,218.50,1159.63,346.40,3.219,4.787
2026-04-03T14:54:52.602Z,98.192,camera:0,sports ball,0.9090,1033.17,215.26,1160.60,348.34,3.094,4.803
2026-04-03T14:54:52.694Z,98.284,camera:0,sports ball,0.8947,1033.16,215.03,1159.99,348.42,3.087,4.793
2026-04-03T14:54:52.777Z,98.366,camera:0,sports ball,0.8698,1031.96,214.14,1160.45,346.13,3.119,4.781
2026-04-03T14:54:52.878Z,98.468,camera:0,sports ball,0.8056,1031.39,212.40,1160.08,344.71,3.112,4.766
2026-04-03T14:54:52.949Z,98.538,camera:0,sports ball,0.9090,1030.83,212.67,1159.29,345.91,3.090,4.744
2026-04-03T14:54:53.071Z,98.660,camera:0,sports ball,0.9090,1028.50,212.37,1158.52,346.30,3.074,4.694
2026-04-03T14:54:53.135Z,98.725,camera:0,sports ball,0.9090,1027.94,210.43,1157.57,344.41,3.073,4.669
2026-04-03T14:54:53.220Z,98.809,camera:0,sports ball,0.9090,1028.52,210.38,1159.23,340.79,3.157,4.705
2026-04-03T14:54:53.320Z,98.909,camera:0,sports ball,0.9090,1028.51,208.51,1159.58,340.15,3.128,4.711
2026-04-03T14:54:53.423Z,99.012,camera:0,sports ball,0.8520,1027.40,206.90,1158.80,328.81,3.377,4.680
2026-04-03T14:54:53.574Z,99.163,camera:0,sports ball,0.9090,1025.49,205.77,1157.96,337.25,3.131,4.636
2026-04-03T14:54:53.657Z,99.246,camera:0,sports ball,0.8805,1023.50,204.00,1157.03,337.78,3.078,4.588
2026-04-03T14:54:53.727Z,99.316,camera:0,sports ball,0.8805,1020.77,203.41,1157.02,332.85,3.181,4.544
2026-04-03T14:54:53.787Z,99.376,camera:0,sports ball,0.8805,1018.89,201.11,1155.02,334.14,3.095,4.481
2026-04-03T14:54:53.851Z,99.440,camera:0,sports ball,0.9019,1016.84,199.50,1152.65,331.42,3.121,4.409
2026-04-03T14:54:53.923Z,99.512,camera:0,sports ball,0.9090,1016.69,198.05,1153.81,332.10,3.071,4.425
2026-04-03T14:54:53.991Z,99.580,camera:0,sports ball,0.9090,1015.98,196.78,1152.66,331.69,3.052,4.395
2026-04-03T14:54:54.063Z,99.653,camera:0,sports ball,0.9090,1016.29,194.72,1151.47,328.86,3.069,4.381
2026-04-03T14:54:54.133Z,99.722,camera:0,sports ball,0.9090,1013.96,194.21,1151.48,330.24,3.027,4.343
2026-04-03T14:54:54.204Z,99.793,camera:0,sports ball,0.9090,1012.00,192.56,1151.49,325.38,3.100,4.312
2026-04-03T14:54:54.270Z,99.860,camera:0,sports ball,0.9090,1007.40,192.20,1150.90,326.61,3.063,4.228
2026-04-03T14:54:54.342Z,99.932,camera:0,sports ball,0.9090,1009.74,190.23,1150.21,323.99,3.078,4.254
2026-04-03T14:54:54.422Z,100.011,camera:0,sports ball,0.9090,1010.35,189.28,1146.02,321.63,3.111,4.196
2026-04-03T14:54:54.478Z,100.068,camera:0,sports ball,0.9090,1011.44,188.85,1144.82,320.55,3.126,4.194
2026-04-03T14:54:54.547Z,100.136,camera:0,sports ball,0.9090,1009.17,187.21,1144.06,318.90,3.126,4.145
2026-04-03T14:54:54.666Z,100.256,camera:0,sports ball,0.9090,1006.80,185.95,1142.58,318.97,3.095,4.083
2026-04-03T14:54:54.734Z,100.323,camera:0,sports ball,0.9090,1006.80,185.48,1140.83,318.96,3.085,4.054
2026-04-03T14:54:54.812Z,100.401,camera:0,sports ball,0.9090,1006.82,181.79,1140.56,319.37,2.993,4.050
2026-04-03T14:54:54.917Z,100.506,camera:0,sports ball,0.9090,1005.65,180.62,1140.44,320.47,2.944,4.029
2026-04-03T14:54:54.982Z,100.571,camera:0,sports ball,0.9090,1001.97,180.62,1140.44,318.76,2.980,3.969
2026-04-03T14:54:55.090Z,100.679,camera:0,sports ball,0.9090,1001.50,180.02,1139.51,318.16,2.981,3.946
2026-04-03T14:54:55.176Z,100.765,camera:0,sports ball,0.9090,1002.42,179.42,1138.72,317.22,2.988,3.949
2026-04-03T14:54:55.254Z,100.844,camera:0,sports ball,0.9090,999.51,181.18,1138.67,320.04,2.965,3.901
2026-04-03T14:54:55.311Z,100.900,camera:0,sports ball,0.9090,997.16,181.18,1136.76,316.91,3.034,3.831
2026-04-03T14:54:55.434Z,101.024,camera:0,sports ball,0.9090,998.78,178.84,1136.64,319.40,2.929,3.856
2026-04-03T14:54:55.496Z,101.085,camera:0,sports ball,0.9090,999.59,178.25,1137.44,317.92,2.948,3.882
2026-04-03T14:54:55.584Z,101.173,camera:0,sports ball,0.9090,1000.35,178.82,1136.87,318.88,2.940,3.885
2026-04-03T14:54:55.671Z,101.260,camera:0,sports ball,0.9090,1000.72,178.82,1135.67,318.36,2.951,3.871
2026-04-03T14:54:55.755Z,101.344,camera:0,sports ball,0.9090,999.51,177.65,1136.90,317.41,2.946,3.872
2026-04-03T14:54:55.859Z,101.448,camera:0,sports ball,0.9090,997.69,175.97,1137.18,315.77,2.945,3.847
2026-04-03T14:54:55.933Z,101.522,camera:0,sports ball,0.9090,997.49,174.04,1137.17,313.72,2.948,3.843
2026-04-03T14:54:56.051Z,101.640,camera:0,sports ball,0.9090,997.43,172.78,1137.31,311.46,2.969,3.845
2026-04-03T14:54:56.113Z,101.703,camera:0,sports ball,0.8947,995.71,171.95,1139.47,310.72,2.967,3.852
2026-04-03T14:54:56.199Z,101.788,camera:0,sports ball,0.7985,999.10,169.96,1140.06,311.82,2.902,3.916
2026-04-03T14:54:56.267Z,101.857,camera:0,sports ball,0.7985,1000.94,169.24,1139.71,315.59,2.813,3.941
2026-04-03T14:54:56.337Z,101.926,camera:0,sports ball,0.8520,1000.52,168.33,1140.26,313.35,2.839,3.943
2026-04-03T14:54:56.411Z,102.000,camera:0,sports ball,0.9090,1000.62,166.59,1140.72,310.90,2.853,3.952
2026-04-03T14:54:56.554Z,102.144,camera:0,sports ball,0.7414,1001.49,165.83,1140.76,310.50,2.846,3.967
2026-04-03T14:54:56.603Z,102.192,camera:0,sports ball,0.8840,1000.04,165.11,1139.66,307.72,2.887,3.925
2026-04-03T14:54:56.668Z,102.257,camera:0,sports ball,0.8662,997.94,164.44,1140.53,314.19,2.749,3.905
2026-04-03T14:54:56.742Z,102.332,camera:0,sports ball,0.8056,995.84,162.94,1140.67,317.04,2.672,3.873
2026-04-03T14:54:56.807Z,102.397,camera:0,sports ball,0.4991,996.07,163.41,1140.98,310.00,2.809,3.882
2026-04-03T14:54:56.927Z,102.516,camera:0,sports ball,0.8306,997.88,163.60,1141.55,310.01,2.812,3.921
2026-04-03T14:54:57.002Z,102.591,camera:0,sports ball,0.6024,998.29,162.96,1138.81,306.82,2.862,3.883
2026-04-03T14:54:57.111Z,102.701,camera:0,sports ball,0.6630,999.20,164.14,1139.87,308.87,2.845,3.915
2026-04-03T14:54:57.191Z,102.780,camera:0,sports ball,0.9090,999.35,166.44,1138.45,307.86,2.911,3.894
2026-04-03T14:54:57.252Z,102.841,camera:0,sports ball,0.9090,996.34,164.70,1139.54,311.30,2.808,3.863
2026-04-03T14:54:57.328Z,102.917,camera:0,sports ball,0.9090,992.80,164.95,1138.97,311.70,2.806,3.796
2026-04-03T14:54:57.399Z,102.988,camera:0,sports ball,0.9090,993.91,165.30,1138.26,311.50,2.816,3.803
2026-04-03T14:54:57.463Z,103.052,camera:0,sports ball,0.8983,994.84,164.46,1137.77,313.47,2.763,3.810
2026-04-03T14:54:57.534Z,103.123,camera:0,sports ball,0.8912,997.47,164.28,1140.22,316.75,2.700,3.892
2026-04-03T14:54:57.603Z,103.192,camera:0,sports ball,0.9090,997.12,165.77,1139.65,312.13,2.813,3.878
2026-04-03T14:54:57.675Z,103.264,camera:0,sports ball,0.9019,997.84,165.43,1139.29,314.19,2.768,3.883
2026-04-03T14:54:57.755Z,103.344,camera:0,sports ball,0.8983,997.21,164.60,1140.74,324.60,2.573,3.897
2026-04-03T14:54:57.839Z,103.428,camera:0,sports ball,0.9090,998.02,165.22,1140.18,313.32,2.780,3.901
2026-04-03T14:54:57.946Z,103.535,camera:0,sports ball,0.8733,997.31,164.38,1140.40,318.38,2.674,3.893
2026-04-03T14:54:57.999Z,103.589,camera:0,sports ball,0.8983,997.73,162.92,1141.82,318.03,2.654,3.923
2026-04-03T14:54:58.102Z,103.692,camera:0,sports ball,0.6381,998.21,163.33,1140.58,316.05,2.696,3.910
2026-04-03T14:54:58.212Z,103.802,camera:0,sports ball,0.9019,996.79,164.06,1141.55,316.50,2.701,3.903
2026-04-03T14:54:58.267Z,103.856,camera:0,sports ball,0.9090,997.96,164.39,1142.14,315.44,2.726,3.932
2026-04-03T14:54:58.350Z,103.939,camera:0,sports ball,0.8983,998.85,164.41,1141.76,314.50,2.743,3.940
2026-04-03T14:54:58.415Z,104.004,camera:0,sports ball,0.9090,996.11,164.41,1142.61,314.34,2.746,3.909
2026-04-03T14:54:58.498Z,104.087,camera:0,sports ball,0.9090,991.38,164.72,1142.56,315.40,2.732,3.831
2026-04-03T14:54:58.559Z,104.148,camera:0,sports ball,0.9090,994.74,164.76,1142.88,313.36,2.770,3.891
2026-04-03T14:54:58.635Z,104.224,camera:0,sports ball,0.9090,996.11,164.03,1143.91,312.62,2.771,3.930
2026-04-03T14:54:58.705Z,104.294,camera:0,sports ball,0.7985,994.31,162.52,1145.53,311.93,2.756,3.928
2026-04-03T14:54:58.769Z,104.359,camera:0,sports ball,0.9090,999.11,162.90,1144.79,313.98,2.725,3.993
2026-04-03T14:54:58.941Z,104.530,camera:0,sports ball,0.4598,999.31,164.51,1146.44,311.99,2.792,4.023
2026-04-03T14:54:58.998Z,104.588,camera:0,sports ball,0.8769,998.01,167.36,1146.05,313.00,2.827,3.996
2026-04-03T14:54:59.071Z,104.661,camera:0,sports ball,0.9090,999.39,167.62,1147.01,316.40,2.767,4.034
2026-04-03T14:54:59.169Z,104.758,camera:0,sports ball,0.9090,1002.95,168.10,1148.56,316.85,2.768,4.117
2026-04-03T14:54:59.254Z,104.844,camera:0,sports ball,0.9090,1005.03,167.39,1149.69,323.14,2.643,4.169
2026-04-03T14:54:59.325Z,104.915,camera:0,sports ball,0.9090,1006.22,170.70,1150.86,321.73,2.726,4.208
2026-04-03T14:54:59.434Z,105.024,camera:0,sports ball,0.9090,1008.55,171.04,1152.64,324.15,2.689,4.274
2026-04-03T14:54:59.501Z,105.091,camera:0,sports ball,0.9090,1009.72,173.01,1153.82,325.62,2.698,4.313
2026-04-03T14:54:59.624Z,105.213,camera:0,sports ball,0.9090,1008.55,174.94,1153.82,324.74,2.748,4.294
2026-04-03T14:54:59.703Z,105.292,camera:0,sports ball,0.9090,1009.70,174.03,1156.52,327.24,2.687,4.356
2026-04-03T14:54:59.756Z,105.345,camera:0,sports ball,0.9090,1011.40,176.51,1155.02,330.51,2.673,4.359
2026-04-03T14:54:59.826Z,105.415,camera:0,sports ball,0.9090,1009.71,177.06,1153.89,329.60,2.699,4.313
2026-04-03T14:54:59.891Z,105.480,camera:0,sports ball,0.9090,1010.90,177.66,1155.58,332.17,2.665,4.360
2026-04-03T14:55:00.011Z,105.600,camera:0,sports ball,0.9090,1014.82,178.82,1155.56,331.53,2.696,4.424
2026-04-03T14:55:00.093Z,105.682,camera:0,sports ball,0.9090,1015.22,178.25,1155.02,332.01,2.678,4.421
2026-04-03T14:55:00.151Z,105.740,camera:0,sports ball,0.9090,1015.62,178.81,1157.14,332.54,2.678,4.462
2026-04-03T14:55:00.250Z,105.839,camera:0,sports ball,0.9090,1015.97,179.43,1157.17,331.36,2.710,4.468
2026-04-03T14:55:00.333Z,105.922,camera:0,sports ball,0.9090,1016.26,180.59,1159.88,332.03,2.719,4.517
2026-04-03T14:55:00.430Z,106.019,camera:0,sports ball,0.9090,1016.59,181.21,1159.83,331.99,2.731,4.522
2026-04-03T14:55:00.525Z,106.114,camera:0,sports ball,0.9090,1016.29,181.78,1160.53,334.48,2.696,4.528
2026-04-03T14:55:00.584Z,106.174,camera:0,sports ball,0.9090,1017.21,181.78,1160.20,335.82,2.673,4.538
2026-04-03T14:55:00.707Z,106.296,camera:0,sports ball,0.9090,1017.70,182.35,1161.21,336.38,2.673,4.562
2026-04-03T14:55:00.787Z,106.376,camera:0,sports ball,0.9090,1018.25,182.36,1163.30,335.68,2.685,4.605
2026-04-03T14:55:00.855Z,106.444,camera:0,sports ball,0.9090,1018.82,182.92,1163.96,336.30,2.684,4.625
2026-04-03T14:55:00.963Z,106.553,camera:0,sports ball,0.9090,1019.46,183.47,1163.86,335.30,2.712,4.634
2026-04-03T14:55:01.087Z,106.676,camera:0,sports ball,0.9090,1019.76,182.92,1165.85,335.50,2.698,4.671
2026-04-03T14:55:01.147Z,106.736,camera:0,sports ball,0.9090,1020.96,182.92,1165.72,336.07,2.688,4.688
2026-04-03T14:55:01.215Z,106.804,camera:0,sports ball,0.9090,1021.37,183.48,1166.17,336.14,2.697,4.702
2026-04-03T14:55:01.307Z,106.896,camera:0,sports ball,0.9090,1020.42,184.00,1166.70,336.24,2.705,4.695
2026-04-03T14:55:01.402Z,106.992,camera:0,sports ball,0.9090,1021.49,185.06,1167.62,338.03,2.692,4.728
2026-04-03T14:55:01.474Z,107.063,camera:0,sports ball,0.9090,1022.01,186.01,1166.96,341.52,2.648,4.725
2026-04-03T14:55:01.598Z,107.188,camera:0,sports ball,0.9090,1020.37,185.94,1166.89,342.63,2.627,4.697
2026-04-03T14:55:01.674Z,107.264,camera:0,sports ball,0.9090,1021.16,187.93,1167.11,343.22,2.651,4.714
2026-04-03T14:55:01.738Z,107.327,camera:0,sports ball,0.9090,1020.55,189.63,1168.06,346.62,2.623,4.719
2026-04-03T14:55:01.825Z,107.414,camera:0,sports ball,0.9090,1022.22,190.40,1169.21,348.53,2.604,4.765
2026-04-03T14:55:01.891Z,107.480,camera:0,sports ball,0.9090,1022.75,191.76,1170.49,347.60,2.642,4.795
2026-04-03T14:55:01.956Z,107.545,camera:0,sports ball,0.9090,1023.71,193.30,1170.46,351.79,2.598,4.810
2026-04-03T14:55:02.036Z,107.625,camera:0,sports ball,0.9090,1024.37,196.32,1172.01,355.95,2.579,4.845
2026-04-03T14:55:02.140Z,107.729,camera:0,sports ball,0.8341,1024.18,198.93,1172.55,359.42,2.565,4.851
2026-04-03T14:55:02.216Z,107.805,camera:0,sports ball,0.8626,1019.70,199.96,1173.11,360.03,2.572,4.787
2026-04-03T14:55:02.292Z,107.881,camera:0,sports ball,0.6987,1021.29,200.51,1170.41,368.11,2.457,4.770
2026-04-03T14:55:02.394Z,107.983,camera:0,sports ball,0.8840,1025.56,205.80,1170.96,364.28,2.598,4.848
2026-04-03T14:55:02.480Z,108.069,camera:0,sports ball,0.8254,1024.92,207.26,1175.63,378.14,2.409,4.913
2026-04-03T14:55:02.562Z,108.151,camera:0,sports ball,0.8448,1026.33,210.04,1176.16,365.71,2.645,4.944
2026-04-03T14:55:02.647Z,108.237,camera:0,sports ball,0.9090,1025.94,209.09,1176.74,364.84,2.643,4.947
2026-04-03T14:55:02.788Z,108.377,camera:0,sports ball,0.8983,1026.01,209.95,1178.54,366.12,2.636,4.978
2026-04-03T14:55:02.846Z,108.436,camera:0,sports ball,0.9090,1026.46,212.05,1176.14,366.36,2.668,4.946
2026-04-03T14:55:02.903Z,108.492,camera:0,sports ball,0.9090,1025.53,213.31,1177.27,372.70,2.583,4.949
2026-04-03T14:55:03.014Z,108.603,camera:0,sports ball,0.9090,1025.94,213.06,1178.52,369.86,2.626,4.976
2026-04-03T14:55:03.113Z,108.702,camera:0,sports ball,0.9090,1025.47,213.38,1177.33,369.16,2.643,4.950
2026-04-03T14:55:03.174Z,108.764,camera:0,sports ball,0.7735,1025.19,213.93,1178.75,369.56,2.646,4.968
2026-04-03T14:55:03.242Z,108.831,camera:0,sports ball,0.6167,1026.97,213.72,1178.88,369.19,2.648,4.999
2026-04-03T14:55:03.363Z,108.952,camera:0,sports ball,0.8199,1026.05,213.89,1177.41,371.40,2.614,4.960
2026-04-03T14:55:03.434Z,109.024,camera:0,sports ball,0.9090,1027.99,214.81,1177.29,370.99,2.636,4.990
2026-04-03T14:55:03.508Z,109.098,camera:0,sports ball,0.9054,1027.49,213.68,1177.32,371.78,2.604,4.982
2026-04-03T14:55:03.622Z,109.211,camera:0,sports ball,0.9054,1028.54,215.36,1176.71,370.31,2.657,4.989
2026-04-03T14:55:03.689Z,109.278,camera:0,sports ball,0.9090,1029.11,215.02,1177.25,370.89,2.641,5.007
2026-04-03T14:55:03.791Z,109.381,camera:0,sports ball,0.9090,1029.10,214.88,1177.87,371.00,2.637,5.017
2026-04-03T14:55:03.873Z,109.462,camera:0,sports ball,0.9090,1029.09,215.11,1178.45,372.24,2.620,5.026
2026-04-03T14:55:03.958Z,109.547,camera:0,sports ball,0.8912,1028.01,215.99,1176.70,372.27,2.634,4.980
2026-04-03T14:55:04.060Z,109.649,camera:0,sports ball,0.9090,1028.54,216.30,1177.26,372.32,2.639,4.998
2026-04-03T14:55:04.131Z,109.720,camera:0,sports ball,0.9090,1026.98,216.62,1177.29,372.22,2.646,4.973
2026-04-03T14:55:04.253Z,109.842,camera:0,sports ball,0.9090,1026.99,217.06,1178.48,372.20,2.654,4.993
2026-04-03T14:55:04.319Z,109.908,camera:0,sports ball,0.9090,1026.49,217.11,1178.43,373.91,2.626,4.984
2026-04-03T14:55:04.391Z,109.981,camera:0,sports ball,0.9090,1028.54,218.59,1178.96,374.73,2.637,5.026
2026-04-03T14:55:04.581Z,110.170,camera:0,sports ball,0.8733,1028.54,218.30,1180.05,382.49,2.508,5.043
2026-04-03T14:55:04.621Z,110.211,camera:0,sports ball,0.9090,1028.53,218.56,1179.53,380.67,2.540,5.035
2026-04-03T14:55:04.696Z,110.285,camera:0,sports ball,0.9090,1029.09,221.92,1181.13,380.21,2.601,5.070
2026-04-03T14:55:04.765Z,110.354,camera:0,sports ball,0.8479,1026.51,221.47,1183.71,387.94,2.473,5.070
2026-04-03T14:55:04.840Z,110.429,camera:0,sports ball,0.8254,1024.92,222.00,1183.10,392.53,2.414,5.034
2026-04-03T14:55:04.953Z,110.542,camera:0,sports ball,0.8662,1025.94,221.96,1182.12,388.61,2.471,5.035
2026-04-03T14:55:05.033Z,110.622,camera:0,sports ball,0.8891,1023.78,225.08,1183.71,387.73,2.531,5.025
2026-04-03T14:55:05.109Z,110.698,camera:0,sports ball,0.8591,1023.05,226.32,1184.33,391.34,2.495,5.024
2026-04-03T14:55:05.174Z,110.764,camera:0,sports ball,0.8967,1024.94,228.31,1184.36,390.67,2.536,5.055
2026-04-03T14:55:05.276Z,110.865,camera:0,sports ball,0.8479,1026.48,230.56,1184.30,392.97,2.535,5.079
2026-04-03T14:55:05.374Z,110.964,camera:0,sports ball,0.8854,1025.46,231.48,1185.01,398.27,2.468,5.074
2026-04-03T14:55:05.431Z,111.020,camera:0,sports ball,0.8891,1024.90,232.98,1185.70,398.37,2.489,5.076
2026-04-03T14:55:05.502Z,111.091,camera:0,sports ball,0.8329,1025.46,235.65,1183.72,398.35,2.531,5.053
2026-04-03T14:55:05.600Z,111.189,camera:0,sports ball,0.8441,1023.71,236.95,1183.72,402.86,2.481,5.024
2026-04-03T14:55:05.675Z,111.264,camera:0,sports ball,0.8816,1021.62,236.96,1183.15,402.75,2.483,4.981
2026-04-03T14:55:05.761Z,111.350,camera:0,sports ball,0.8479,1023.04,239.14,1183.72,403.88,2.499,5.014
2026-04-03T14:55:05.861Z,111.450,camera:0,sports ball,0.8441,1022.33,237.67,1184.96,398.33,2.563,5.022
2026-04-03T14:55:05.939Z,111.528,camera:0,sports ball,0.8704,1022.31,237.01,1184.33,399.41,2.535,5.012
2026-04-03T14:55:06.015Z,111.604,camera:0,sports ball,0.8929,1022.33,238.39,1183.74,400.49,2.540,5.002
2026-04-03T14:55:06.111Z,111.701,camera:0,sports ball,0.9117,1021.60,236.99,1183.70,399.39,2.535,4.990
2026-04-03T14:55:06.194Z,111.783,camera:0,sports ball,0.8066,1022.32,236.99,1184.31,400.52,2.518,5.011
2026-04-03T14:55:06.286Z,111.876,camera:0,sports ball,0.8329,1023.66,238.37,1182.60,401.65,2.522,5.006
2026-04-03T14:55:06.396Z,111.985,camera:0,sports ball,0.8967,1022.33,236.96,1183.16,401.55,2.501,4.993
2026-04-03T14:55:06.457Z,112.046,camera:0,sports ball,0.8929,1023.01,234.57,1184.29,402.61,2.450,5.022
2026-04-03T14:55:06.529Z,112.119,camera:0,sports ball,0.5590,1023.03,236.25,1184.33,404.97,2.440,5.023
2026-04-03T14:55:06.640Z,112.229,camera:0,sports ball,0.7353,1022.33,236.29,1183.69,405.82,2.429,5.002
2026-04-03T14:55:06.756Z,112.345,camera:0,sports ball,0.8366,1022.33,236.32,1184.96,403.89,2.457,5.022
2026-04-03T14:55:06.809Z,112.398,camera:0,sports ball,0.7691,1023.02,239.13,1185.00,402.87,2.515,5.034
2026-04-03T14:55:06.887Z,112.477,camera:0,sports ball,0.8891,1023.65,236.96,1187.16,403.66,2.470,5.079
2026-04-03T14:55:06.982Z,112.571,camera:0,sports ball,0.8441,1023.02,239.12,1186.44,402.70,2.517,5.057
2026-04-03T14:55:07.069Z,112.658,camera:0,sports ball,0.7616,1022.33,241.67,1188.01,406.72,2.494,5.072
2026-04-03T14:55:07.143Z,112.732,camera:0,sports ball,0.8629,1023.01,243.43,1190.67,403.22,2.577,5.126
2026-04-03T14:55:07.213Z,112.802,camera:0,sports ball,0.9079,1024.93,245.48,1192.61,406.76,2.553,5.188
2026-04-03T14:55:07.313Z,112.902,camera:0,sports ball,0.7353,1025.93,245.53,1192.58,409.97,2.504,5.204
2026-04-03T14:55:07.371Z,112.960,camera:0,sports ball,0.7091,1025.97,247.61,1191.65,410.18,2.532,5.190
2026-04-03T14:55:07.467Z,113.056,camera:0,sports ball,0.6378,1027.65,248.73,1193.61,414.57,2.483,5.249
2026-04-03T14:55:07.526Z,113.116,camera:0,sports ball,0.8854,1028.43,250.86,1194.66,415.63,2.499,5.278
2026-04-03T14:55:07.596Z,113.185,camera:0,sports ball,0.8891,1029.11,250.86,1196.78,419.10,2.447,5.323
2026-04-03T14:55:07.692Z,113.281,camera:0,sports ball,0.8291,1029.40,253.08,1196.74,422.06,2.437,5.327
2026-04-03T14:55:07.777Z,113.366,camera:0,sports ball,0.9004,1028.11,254.18,1197.82,426.85,2.384,5.324
2026-04-03T14:55:07.847Z,113.436,camera:0,sports ball,0.9154,1027.75,255.25,1198.96,428.80,2.372,5.337
2026-04-03T14:55:07.923Z,113.512,camera:0,sports ball,0.9267,1028.07,255.26,1201.09,426.46,2.405,5.377
2026-04-03T14:55:07.984Z,113.573,camera:0,sports ball,0.9454,1027.81,256.32,1201.11,426.48,2.420,5.373
2026-04-03T14:55:08.058Z,113.648,camera:0,sports ball,0.9304,1026.97,255.26,1202.22,426.53,2.404,5.377
2026-04-03T14:55:08.144Z,113.733,camera:0,sports ball,0.9042,1026.87,255.27,1204.41,429.66,2.361,5.411
2026-04-03T14:55:08.240Z,113.829,camera:0,sports ball,0.9304,1027.36,256.31,1203.40,429.58,2.376,5.402
2026-04-03T14:55:08.322Z,113.912,camera:0,sports ball,0.9154,1027.38,256.31,1205.53,434.57,2.310,5.437
2026-04-03T14:55:08.395Z,113.984,camera:0,sports ball,0.9192,1026.89,254.18,1206.48,430.40,2.336,5.445
2026-04-03T14:55:08.460Z,114.049,camera:0,sports ball,0.9192,1028.09,253.08,1205.44,429.67,2.332,5.447
2026-04-03T14:55:08.533Z,114.122,camera:0,sports ball,0.9004,1028.52,253.06,1204.46,430.30,2.323,5.438
2026-04-03T14:55:08.639Z,114.228,camera:0,sports ball,0.9042,1028.14,253.06,1206.56,431.88,2.303,5.466
2026-04-03T14:55:08.746Z,114.335,camera:0,sports ball,0.8779,1026.95,250.87,1205.51,431.07,2.285,5.430
2026-04-03T14:55:08.788Z,114.377,camera:0,sports ball,0.8704,1028.16,250.86,1207.58,430.18,2.296,5.483
2026-04-03T14:55:08.870Z,114.459,camera:0,sports ball,0.7578,1027.42,247.66,1209.58,425.86,2.310,5.503
2026-04-03T14:55:08.940Z,114.529,camera:0,sports ball,0.8329,1029.03,247.64,1212.25,430.01,2.258,5.573
2026-04-03T14:55:09.042Z,114.632,camera:0,sports ball,0.9042,1029.82,246.61,1213.77,422.25,2.344,5.610
2026-04-03T14:55:09.106Z,114.696,camera:0,sports ball,0.9379,1031.03,245.51,1213.78,421.91,2.334,5.630
2026-04-03T14:55:09.174Z,114.764,camera:0,sports ball,0.9304,1030.55,246.53,1213.83,422.96,2.334,5.623
2026-04-03T14:55:09.265Z,114.854,camera:0,sports ball,0.8441,1032.60,244.56,1217.83,432.68,2.189,5.721
2026-04-03T14:55:09.362Z,114.952,camera:0,sports ball,0.8554,1034.25,244.55,1218.71,432.75,2.188,5.761
2026-04-03T14:55:09.436Z,115.025,camera:0,sports ball,0.9154,1036.50,246.56,1220.35,430.33,2.240,5.824
2026-04-03T14:55:09.550Z,115.139,camera:0,sports ball,0.9529,1036.95,246.57,1222.28,434.61,2.190,5.863
2026-04-03T14:55:09.621Z,115.210,camera:0,sports ball,0.9567,1038.49,249.78,1223.87,436.56,2.204,5.913
2026-04-03T14:55:09.691Z,115.280,camera:0,sports ball,0.9567,1039.01,248.72,1224.29,438.63,2.168,5.929
2026-04-03T14:55:09.759Z,115.348,camera:0,sports ball,0.9417,1040.89,250.87,1229.00,437.56,2.205,6.035
2026-04-03T14:55:09.821Z,115.410,camera:0,sports ball,0.9079,1040.79,249.81,1231.10,436.63,2.204,6.067
2026-04-03T14:55:09.905Z,115.494,camera:0,sports ball,0.9117,1042.34,250.90,1232.99,440.84,2.168,6.123
2026-04-03T14:55:10.006Z,115.596,camera:0,sports ball,0.8629,1042.95,248.72,1235.18,445.15,2.096,6.168
2026-04-03T14:55:10.071Z,115.660,camera:0,sports ball,0.9004,1043.10,249.81,1236.87,448.68,2.070,6.198
2026-04-03T14:55:10.142Z,115.732,camera:0,sports ball,0.7016,1044.69,250.90,1238.62,446.34,2.107,6.252
2026-04-03T14:55:10.232Z,115.821,camera:0,sports ball,0.9229,1040.88,250.91,1242.61,440.88,2.167,6.255
2026-04-03T14:55:10.320Z,115.910,camera:0,sports ball,0.9004,1040.27,248.72,1241.58,448.74,2.058,6.228
2026-04-03T14:55:10.391Z,115.980,camera:0,sports ball,0.9267,1044.78,245.57,1242.58,445.19,2.063,6.317
2026-04-03T14:55:10.475Z,116.064,camera:0,sports ball,0.9229,1044.80,245.52,1245.80,442.96,2.085,6.369
2026-04-03T14:55:10.568Z,116.158,camera:0,sports ball,0.9229,1044.80,245.49,1246.92,441.86,2.097,6.387
2026-04-03T14:55:10.655Z,116.245,camera:0,sports ball,0.9304,1045.66,244.47,1248.02,438.56,2.121,6.419
2026-04-03T14:55:10.739Z,116.328,camera:0,sports ball,0.9567,1047.56,241.59,1249.11,435.55,2.123,6.467
2026-04-03T14:55:10.838Z,116.428,camera:0,sports ball,0.9567,1048.54,237.50,1250.19,436.52,2.069,6.500
2026-04-03T14:55:10.908Z,116.497,camera:0,sports ball,0.9567,1047.57,234.38,1251.28,435.53,2.047,6.502
2026-04-03T14:55:11.026Z,116.616,camera:0,sports ball,0.9567,1047.58,232.12,1252.38,430.16,2.079,6.520
2026-04-03T14:55:11.086Z,116.676,camera:0,sports ball,0.9567,1048.53,228.27,1252.38,431.05,2.030,6.536
2026-04-03T14:55:11.172Z,116.761,camera:0,sports ball,0.9304,1052.70,226.59,1254.48,431.96,2.005,6.637
2026-04-03T14:55:11.255Z,116.844,camera:0,sports ball,0.9529,1051.62,224.86,1257.49,429.99,2.007,6.668
2026-04-03T14:55:11.361Z,116.951,camera:0,sports ball,0.9567,1054.89,222.93,1259.29,427.73,2.010,6.749
2026-04-03T14:55:11.427Z,117.016,camera:0,sports ball,0.9417,1056.00,220.89,1260.11,431.85,1.952,6.781
2026-04-03T14:55:11.506Z,117.095,camera:0,sports ball,0.9492,1057.09,220.30,1263.87,429.35,1.969,6.859
2026-04-03T14:55:11.567Z,117.156,camera:0,sports ball,0.9567,1058.19,219.69,1266.25,427.85,1.978,6.915
2026-04-03T14:55:11.634Z,117.224,camera:0,sports ball,0.9529,1061.40,219.67,1268.28,425.22,2.003,6.999
2026-04-03T14:55:11.702Z,117.292,camera:0,sports ball,0.9417,1064.42,217.60,1271.72,424.10,1.994,7.103
2026-04-03T14:55:11.800Z,117.389,camera:0,sports ball,0.9079,1065.40,216.02,1273.15,425.48,1.966,7.142
2026-04-03T14:55:11.883Z,117.473,camera:0,sports ball,0.9304,1066.29,215.21,1274.01,425.20,1.961,7.170
2026-04-03T14:55:12.003Z,117.592,camera:0,sports ball,0.9229,1068.05,213.38,1276.85,419.79,1.995,7.243
2026-04-03T14:55:12.071Z,117.660,camera:0,sports ball,0.9004,1068.83,214.31,1278.87,424.58,1.958,7.289
2026-04-03T14:55:12.150Z,117.739,camera:0,sports ball,0.9117,1071.03,213.37,1280.19,426.29,1.934,7.345
2026-04-03T14:55:12.248Z,117.837,camera:0,sports ball,0.9417,1071.70,212.42,1283.17,424.93,1.937,7.404
2026-04-03T14:55:12.326Z,117.915,camera:0,sports ball,0.8066,1072.88,211.45,1288.42,424.51,1.932,7.507
2026-04-03T14:55:12.424Z,118.013,camera:0,sports ball,0.6078,1072.96,212.41,1286.63,430.00,1.892,7.479
2026-04-03T14:55:12.526Z,118.115,camera:0,sports ball,0.7879,1074.00,211.44,1285.78,430.94,1.876,7.483
2026-04-03T14:55:12.578Z,118.167,camera:0,sports ball,0.5890,1074.43,210.42,1286.77,432.17,1.857,7.505
2026-04-03T14:55:12.653Z,118.242,camera:0,sports ball,0.5065,1070.37,212.41,1286.73,436.92,1.834,7.439
2026-04-03T14:55:12.839Z,118.428,camera:0,sports ball,0.2814,1064.43,211.45,1282.48,436.71,1.828,7.276
2026-04-03T14:55:12.914Z,118.503,camera:0,sports ball,0.7353,1063.44,212.39,1283.57,432.86,1.867,7.278
2026-04-03T14:55:12.914Z,118.503,camera:0,sports ball,0.3066,1123.44,351.32,1209.71,428.65,5.324,7.055
2026-04-03T14:55:13.022Z,118.612,camera:0,sports ball,0.8854,1059.26,211.46,1277.63,431.88,1.868,7.115
2026-04-03T14:55:13.091Z,118.680,camera:0,sports ball,0.8404,1054.86,211.42,1271.39,431.09,1.874,6.944
2026-04-03T14:55:13.214Z,118.804,camera:0,sports ball,0.8929,1052.68,211.43,1267.32,431.13,1.874,6.843
2026-04-03T14:55:13.283Z,118.872,camera:0,sports ball,0.8591,1050.55,211.43,1266.54,433.70,1.852,6.796
2026-04-03T14:55:13.355Z,118.944,camera:0,sports ball,0.9342,1046.62,211.44,1262.87,432.78,1.860,6.674
2026-04-03T14:55:13.458Z,119.047,camera:0,sports ball,0.9529,1044.80,210.43,1260.29,433.67,1.844,6.603
2026-04-03T14:55:13.532Z,119.121,camera:0,sports ball,0.9567,1043.95,210.43,1261.07,433.67,1.844,6.602
2026-04-03T14:55:13.615Z,119.204,camera:0,sports ball,0.9379,1043.12,210.43,1258.43,435.55,1.829,6.546
2026-04-03T14:55:13.726Z,119.316,camera:0,sports ball,0.9192,1041.53,210.44,1257.59,434.61,1.837,6.507
2026-04-03T14:55:13.785Z,119.375,camera:0,sports ball,0.9567,1040.85,211.44,1259.31,434.59,1.845,6.523
2026-04-03T14:55:13.915Z,119.504,camera:0,sports ball,0.9567,1040.18,211.43,1257.52,436.54,1.829,6.484
2026-04-03T14:55:13.973Z,119.562,camera:0,sports ball,0.9567,1034.80,214.32,1257.62,437.52,1.845,6.399
2026-04-03T14:55:14.046Z,119.635,camera:0,sports ball,0.9567,1034.61,214.30,1256.66,442.91,1.801,6.380
2026-04-03T14:55:14.146Z,119.735,camera:0,sports ball,0.9567,1034.77,216.82,1255.56,442.91,1.821,6.365
2026-04-03T14:55:14.259Z,119.848,camera:0,sports ball,0.9567,1029.85,216.03,1255.55,442.91,1.815,6.285
2026-04-03T14:55:14.334Z,119.923,camera:0,sports ball,0.9567,1027.75,218.34,1256.59,444.02,1.824,6.268
2026-04-03T14:55:14.382Z,119.972,camera:0,sports ball,0.9567,1025.46,219.69,1256.59,446.27,1.817,6.231
2026-04-03T14:55:14.483Z,120.072,camera:0,sports ball,0.9417,1024.98,221.45,1253.70,448.44,1.814,6.177
2026-04-03T14:55:14.573Z,120.162,camera:0,sports ball,0.9567,1024.97,222.94,1253.59,449.47,1.818,6.175
2026-04-03T14:55:14.648Z,120.238,camera:0,sports ball,0.9567,1023.08,224.13,1253.59,452.53,1.803,6.145
2026-04-03T14:55:14.761Z,120.350,camera:0,sports ball,0.9529,1023.73,224.85,1254.66,454.37,1.794,6.172
2026-04-03T14:55:14.833Z,120.422,camera:0,sports ball,0.9567,1022.42,225.54,1254.69,456.18,1.785,6.151
2026-04-03T14:55:14.915Z,120.504,camera:0,sports ball,0.9529,1020.88,225.32,1252.62,455.41,1.789,6.093
2026-04-03T14:55:15.027Z,120.616,camera:0,sports ball,0.9379,1020.08,225.61,1253.64,459.56,1.760,6.097
2026-04-03T14:55:15.137Z,120.726,camera:0,sports ball,0.9567,1020.07,225.41,1248.18,458.81,1.764,6.009
2026-04-03T14:55:15.255Z,120.844,camera:0,sports ball,0.9454,1018.34,225.43,1245.98,460.12,1.754,5.945
2026-04-03T14:55:15.365Z,120.954,camera:0,sports ball,0.9304,1018.32,225.02,1247.03,458.16,1.766,5.962
2026-04-03T14:55:15.435Z,121.024,camera:0,sports ball,0.9079,1013.40,224.72,1245.89,459.03,1.757,5.864
2026-04-03T14:55:15.499Z,121.088,camera:0,sports ball,0.8891,1013.40,224.25,1245.86,461.91,1.732,5.863
2026-04-03T14:55:15.603Z,121.192,camera:0,sports ball,0.9567,1012.35,224.24,1244.82,461.56,1.735,5.829
2026-04-03T14:55:15.688Z,121.278,camera:0,sports ball,0.9342,1010.18,222.13,1244.76,462.98,1.709,5.793
2026-04-03T14:55:15.748Z,121.337,camera:0,sports ball,0.9229,1009.09,220.37,1242.69,461.49,1.708,5.742
2026-04-03T14:55:15.820Z,121.409,camera:0,sports ball,0.9417,1009.08,220.34,1243.67,460.86,1.712,5.758
2026-04-03T14:55:15.933Z,121.522,camera:0,sports ball,0.9192,1003.61,220.34,1242.65,462.03,1.703,5.653
2026-04-03T14:55:16.004Z,121.593,camera:0,sports ball,0.8891,1003.62,219.77,1237.66,460.24,1.712,5.573
2026-04-03T14:55:16.100Z,121.689,camera:0,sports ball,0.9342,1000.48,220.40,1234.29,457.96,1.733,5.467
2026-04-03T14:55:16.202Z,121.792,camera:0,sports ball,0.9267,998.57,217.65,1229.95,459.29,1.704,5.366
2026-04-03T14:55:16.254Z,121.843,camera:0,sports ball,0.9417,997.67,219.05,1232.33,459.36,1.713,5.390
2026-04-03T14:55:16.324Z,121.913,camera:0,sports ball,0.9529,993.53,219.72,1229.48,460.04,1.713,5.277
2026-04-03T14:55:16.442Z,122.031,camera:0,sports ball,0.9529,992.21,217.62,1227.86,457.05,1.720,5.229
2026-04-03T14:55:16.515Z,122.104,camera:0,sports ball,0.9342,991.65,217.63,1229.07,460.56,1.695,5.240
2026-04-03T14:55:16.611Z,122.201,camera:0,sports ball,0.9567,990.36,217.62,1229.51,463.48,1.675,5.226
2026-04-03T14:55:16.715Z,122.304,camera:0,sports ball,0.9567,989.32,216.86,1228.61,461.29,1.684,5.195
2026-04-03T14:55:16.775Z,122.364,camera:0,sports ball,0.9492,988.36,217.62,1228.67,457.90,1.714,5.180
2026-04-03T14:55:16.842Z,122.432,camera:0,sports ball,0.9567,985.42,216.84,1228.66,458.53,1.704,5.132
2026-04-03T14:55:16.915Z,122.504,camera:0,sports ball,0.9529,983.69,216.04,1229.05,461.52,1.677,5.111
2026-04-03T14:55:16.980Z,122.569,camera:0,sports ball,0.9342,983.40,216.84,1229.48,459.51,1.697,5.113
2026-04-03T14:55:17.105Z,122.694,camera:0,sports ball,0.9379,981.60,216.05,1230.49,460.07,1.687,5.100
2026-04-03T14:55:17.166Z,122.755,camera:0,sports ball,0.8816,981.18,216.87,1230.42,463.49,1.669,5.092
2026-04-03T14:55:17.236Z,122.825,camera:0,sports ball,0.9229,978.92,213.43,1229.86,463.55,1.646,5.046
2026-04-03T14:55:17.347Z,122.936,camera:0,sports ball,0.9567,977.54,214.31,1230.95,465.39,1.640,5.042
2026-04-03T14:55:17.429Z,123.018,camera:0,sports ball,0.9567,977.01,214.34,1228.92,467.84,1.624,5.000
2026-04-03T14:55:17.529Z,123.118,camera:0,sports ball,0.9154,976.37,214.30,1229.80,469.18,1.615,5.004
2026-04-03T14:55:17.625Z,123.214,camera:0,sports ball,0.9192,973.63,212.44,1229.88,472.92,1.581,4.961
2026-04-03T14:55:17.706Z,123.295,camera:0,sports ball,0.9567,975.71,211.47,1226.77,471.97,1.580,4.944
2026-04-03T14:55:17.814Z,123.404,camera:0,sports ball,0.9567,972.05,210.46,1226.63,471.20,1.579,4.883
2026-04-03T14:55:17.886Z,123.476,camera:0,sports ball,0.9567,972.05,210.45,1225.69,471.83,1.575,4.867
2026-04-03T14:55:17.962Z,123.552,camera:0,sports ball,0.9304,969.38,207.27,1226.35,471.82,1.556,4.835
2026-04-03T14:55:18.061Z,123.651,camera:0,sports ball,0.9454,970.28,205.14,1223.19,472.86,1.538,4.798
2026-04-03T14:55:18.132Z,123.721,camera:0,sports ball,0.9267,970.27,204.01,1220.79,473.57,1.527,4.759
2026-04-03T14:55:18.244Z,123.833,camera:0,sports ball,0.9079,969.37,204.01,1217.97,471.35,1.540,4.699
2026-04-03T14:55:18.364Z,123.953,camera:0,sports ball,0.9267,968.40,204.01,1215.32,472.70,1.532,4.640
2026-04-03T14:55:18.413Z,124.003,camera:0,sports ball,0.8967,964.32,202.92,1213.20,471.38,1.534,4.540
2026-04-03T14:55:18.497Z,124.086,camera:0,sports ball,0.9079,959.96,201.82,1213.02,471.39,1.527,4.466
2026-04-03T14:55:18.565Z,124.154,camera:0,sports ball,0.9417,962.17,202.91,1211.33,471.35,1.534,4.474
2026-04-03T14:55:18.629Z,124.218,camera:0,sports ball,0.9042,958.86,201.82,1209.57,468.80,1.542,4.392
2026-04-03T14:55:18.750Z,124.340,camera:0,sports ball,0.9042,957.77,202.90,1212.27,466.60,1.561,4.418
2026-04-03T14:55:18.816Z,124.405,camera:0,sports ball,0.9154,953.54,199.67,1208.50,469.03,1.529,4.288
2026-04-03T14:55:18.900Z,124.489,camera:0,sports ball,0.8029,956.68,202.90,1206.58,467.18,1.558,4.308
2026-04-03T14:55:18.993Z,124.582,camera:0,sports ball,0.8029,956.69,199.67,1208.51,467.01,1.540,4.340
2026-04-03T14:55:19.079Z,124.668,camera:0,sports ball,0.7691,948.76,200.74,1207.52,468.03,1.540,4.195
2026-04-03T14:55:19.169Z,124.758,camera:0,sports ball,0.8441,944.87,200.74,1207.52,469.90,1.530,4.131
2026-04-03T14:55:19.282Z,124.872,camera:0,sports ball,0.9229,944.80,201.80,1208.52,473.44,1.516,4.147
2026-04-03T14:55:19.328Z,124.918,camera:0,sports ball,0.9004,945.46,200.71,1205.52,472.40,1.515,4.109
2026-04-03T14:55:19.405Z,124.994,camera:0,sports ball,0.9492,943.47,200.71,1207.54,474.22,1.505,4.109
2026-04-03T14:55:19.503Z,125.092,camera:0,sports ball,0.9567,941.76,201.78,1205.52,476.80,1.497,4.048
2026-04-03T14:55:19.623Z,125.212,camera:0,sports ball,0.9567,940.85,201.76,1204.47,478.29,1.489,4.016
2026-04-03T14:55:19.674Z,125.264,camera:0,sports ball,0.9567,940.73,201.77,1202.32,479.03,1.485,3.980
2026-04-03T14:55:19.751Z,125.340,camera:0,sports ball,0.9567,940.36,200.69,1201.22,472.69,1.514,3.956
2026-04-03T14:55:19.826Z,125.416,camera:0,sports ball,0.9567,940.42,199.64,1201.18,475.41,1.493,3.956
2026-04-03T14:55:19.877Z,125.466,camera:0,sports ball,0.9567,939.27,200.69,1202.30,480.85,1.470,3.956
2026-04-03T14:55:20.027Z,125.616,camera:0,sports ball,0.9567,939.59,200.69,1201.18,485.72,1.444,3.943
2026-04-03T14:55:20.085Z,125.674,camera:0,sports ball,0.9567,937.22,198.56,1201.20,485.71,1.434,3.904
2026-04-03T14:55:20.167Z,125.756,camera:0,sports ball,0.9567,934.79,199.63,1202.30,487.74,1.429,3.883
2026-04-03T14:55:20.245Z,125.834,camera:0,sports ball,0.9567,934.38,200.70,1202.27,489.95,1.423,3.876
2026-04-03T14:55:20.348Z,125.937,camera:0,sports ball,0.9417,937.54,200.69,1201.24,489.96,1.423,3.910
2026-04-03T14:55:20.410Z,125.999,camera:0,sports ball,0.9304,933.23,203.96,1202.39,491.31,1.433,3.859
2026-04-03T14:55:20.521Z,126.110,camera:0,sports ball,0.9304,937.27,202.87,1203.43,493.24,1.418,3.942
2026-04-03T14:55:20.584Z,126.174,camera:0,sports ball,0.9379,935.68,203.98,1203.54,495.41,1.413,3.917
2026-04-03T14:55:20.652Z,126.241,camera:0,sports ball,0.9454,931.53,201.80,1204.50,497.47,1.392,3.866
2026-04-03T14:55:20.755Z,126.344,camera:0,sports ball,0.9379,931.11,203.96,1203.48,496.50,1.407,3.842
2026-04-03T14:55:20.841Z,126.430,camera:0,sports ball,0.9492,924.13,200.67,1202.42,496.53,1.392,3.711
2026-04-03T14:55:20.932Z,126.521,camera:0,sports ball,0.9529,923.25,199.61,1203.51,497.56,1.382,3.715
2026-04-03T14:55:21.031Z,126.620,camera:0,sports ball,0.9229,922.38,198.53,1202.41,497.75,1.376,3.683
2026-04-03T14:55:21.096Z,126.685,camera:0,sports ball,0.8929,919.42,198.54,1203.48,499.29,1.369,3.652
2026-04-03T14:55:21.176Z,126.765,camera:0,sports ball,0.9004,919.43,196.48,1201.28,496.70,1.371,3.616
2026-04-03T14:55:21.262Z,126.852,camera:0,sports ball,0.8929,920.42,196.47,1201.29,498.07,1.365,3.633
2026-04-03T14:55:21.347Z,126.936,camera:0,sports ball,0.9042,921.37,195.51,1201.24,497.97,1.361,3.647
2026-04-03T14:55:21.421Z,127.010,camera:0,sports ball,0.9417,920.41,193.65,1201.34,500.20,1.343,3.633
2026-04-03T14:55:21.485Z,127.074,camera:0,sports ball,0.9454,918.40,193.65,1200.18,497.99,1.353,3.582
2026-04-03T14:55:21.649Z,127.238,camera:0,sports ball,0.9567,918.37,192.77,1198.99,495.43,1.360,3.562
2026-04-03T14:55:21.716Z,127.306,camera:0,sports ball,0.9229,917.36,191.96,1200.04,496.46,1.352,3.563
2026-04-03T14:55:21.792Z,127.382,camera:0,sports ball,0.9492,917.35,192.78,1200.09,495.39,1.361,3.563
2026-04-03T14:55:21.859Z,127.448,camera:0,sports ball,0.9192,918.40,191.93,1201.17,497.61,1.347,3.598
2026-04-03T14:55:21.926Z,127.515,camera:0,sports ball,0.9454,910.21,191.10,1201.23,496.54,1.348,3.466
2026-04-03T14:55:21.995Z,127.584,camera:0,sports ball,0.9267,911.76,190.33,1200.11,495.40,1.350,3.473
2026-04-03T14:55:22.067Z,127.656,camera:0,sports ball,0.8066,914.12,190.33,1202.29,495.40,1.350,3.546
2026-04-03T14:55:22.190Z,127.780,camera:0,sports ball,0.5778,910.83,190.34,1204.48,497.45,1.341,3.529
2026-04-03T14:55:22.254Z,127.844,camera:0,sports ball,0.3189,910.85,188.91,1203.40,496.38,1.339,3.511
2026-04-03T14:55:22.322Z,127.912,camera:0,sports ball,0.6603,910.85,189.63,1205.51,497.46,1.337,3.546
2026-04-03T14:55:22.421Z,128.010,camera:0,sports ball,0.8291,909.77,191.93,1205.52,498.51,1.343,3.528
2026-04-03T14:55:22.518Z,128.108,camera:0,sports ball,0.6303,907.58,191.91,1205.69,498.58,1.343,3.495
2026-04-03T14:55:22.597Z,128.186,camera:0,sports ball,0.6903,907.58,191.95,1205.55,499.56,1.338,3.493
2026-04-03T14:55:22.706Z,128.296,camera:0,sports ball,0.8179,909.74,191.12,1203.42,500.48,1.331,3.494
2026-04-03T14:55:22.774Z,128.364,camera:0,sports ball,0.3151,909.75,191.07,1202.45,504.49,1.314,3.478
2026-04-03T14:55:22.849Z,128.438,camera:0,sports ball,0.7728,909.75,191.84,1206.65,503.38,1.322,3.546
2026-04-03T14:55:22.935Z,128.524,camera:0,sports ball,0.9079,908.58,192.81,1206.58,504.25,1.322,3.526
2026-04-03T14:55:23.018Z,128.608,camera:0,sports ball,0.7916,909.73,193.68,1205.65,505.83,1.319,3.530
2026-04-03T14:55:23.079Z,128.668,camera:0,sports ball,0.9117,903.31,191.96,1207.70,507.29,1.306,3.459
2026-04-03T14:55:23.129Z,128.718,camera:0,sports ball,0.7091,892.99,191.97,1209.60,509.13,1.298,3.322
2026-04-03T14:55:23.212Z,128.801,camera:0,sports ball,0.6528,902.32,192.71,1211.45,507.36,1.308,3.503
